	Phenotypic_Class	Cell_Health_Label	Correlation
0	ADCCM	cc_all_high_h2ax	-0.3356014401084697
1	ADCCM	cc_all_large_notround_polynuclear_mean	0.26433265803123845
2	ADCCM	cc_all_large_round_polyploid_mean	0.032538576381666046
3	ADCCM	cc_all_n_objects	0.20064289778572622
4	ADCCM	cc_all_n_spots_h2ax_mean	-0.38129682315757085
5	ADCCM	cc_all_n_spots_h2ax_per_nucleus_area_mean	-0.30876651454637616
6	ADCCM	cc_all_nucleus_area_mean	-0.4517393312540821
7	ADCCM	cc_all_nucleus_roundness_mean	-0.049194702000290004
8	ADCCM	cc_cc_early_mitosis	0.05285269603851529
9	ADCCM	cc_cc_g1	-0.3466945224930011
10	ADCCM	cc_cc_g2	-0.374726316117736
11	ADCCM	cc_cc_high_h2ax	-0.2914469831839632
12	ADCCM	cc_cc_late_mitosis	0.29744028115041443
13	ADCCM	cc_cc_mitosis	0.5166211575808556
14	ADCCM	cc_cc_n_objects	0.2103282250663169
15	ADCCM	cc_cc_n_spots_h2ax_mean	-0.36781164497238
16	ADCCM	cc_cc_n_spots_h2ax_per_nucleus_area_mean	-0.3127145440348082
17	ADCCM	cc_cc_s	0.38431575269584606
18	ADCCM	cc_early_mitosis_high_h2ax	-0.003962234160151816
19	ADCCM	cc_early_mitosis_n_objects	0.14292202576783555
20	ADCCM	cc_early_mitosis_n_spots_h2ax_mean	-0.11974154829245315
21	ADCCM	cc_early_mitosis_n_spots_h2ax_per_nucleus_area_mean	-0.1019919530214266
22	ADCCM	cc_g1_high_h2ax	-0.2349312785048714
23	ADCCM	cc_g1_n_objects	0.17878496061547436
24	ADCCM	cc_g1_n_spots_h2ax_mean	-0.3474397855716253
25	ADCCM	cc_g1_n_spots_h2ax_per_nucleus_area_mean	-0.25687733226865156
26	ADCCM	cc_g1_plus_g2_count	-0.49604012666707614
27	ADCCM	cc_g2_g1_count	-0.22211030965607143
28	ADCCM	cc_g2_high_h2ax	-0.21513821238223307
29	ADCCM	cc_g2_n_objects	0.02668627242610524
30	ADCCM	cc_g2_n_spots_h2ax_mean	-0.1550479211537279
31	ADCCM	cc_g2_n_spots_h2ax_per_nucleus_area_mean	-0.13024354656067552
32	ADCCM	cc_g2_plus_all_m_count	0.05782625760071789
33	ADCCM	cc_infection_percentage	-0.06939568672733364
34	ADCCM	cc_late_mitosis_high_h2ax	0.026709013734164608
35	ADCCM	cc_late_mitosis_n_objects	0.20542771749596123
36	ADCCM	cc_late_mitosis_n_spots_h2ax_mean	0.09097975946133402
37	ADCCM	cc_late_mitosis_n_spots_h2ax_per_nucleus_area_mean	0.10030703452010972
38	ADCCM	cc_mitosis_high_h2ax	0.05927379160146394
39	ADCCM	cc_mitosis_n_objects	0.3876208852088902
40	ADCCM	cc_mitosis_n_spots_h2ax_mean	0.07701353746018348
41	ADCCM	cc_mitosis_n_spots_h2ax_per_nucleus_area_mean	0.1023591278665225
42	ADCCM	cc_polynuclear_high_h2ax	-0.1932745205023253
43	ADCCM	cc_polynuclear_n_objects	0.1842880041121537
44	ADCCM	cc_polynuclear_n_spots_h2ax_mean	-0.25209899116189344
45	ADCCM	cc_polynuclear_n_spots_h2ax_per_nucleus_area_mean	-0.22892446268156744
46	ADCCM	cc_polyploid_high_h2ax	-0.17903097060378798
47	ADCCM	cc_polyploid_n_objects	0.05371816316754287
48	ADCCM	cc_polyploid_n_spots_h2ax_mean	-0.2836156168774681
49	ADCCM	cc_polyploid_n_spots_h2ax_per_nucleus_area_mean	-0.2798292383263731
50	ADCCM	cc_s_high_h2ax	-0.27556936630245576
51	ADCCM	cc_s_intensity_nucleus_area_mean	0.4365392954797815
52	ADCCM	cc_s_intensity_nucleus_area_sum	0.22490204205166112
53	ADCCM	cc_s_n_objects	0.22406913305046008
54	ADCCM	cc_s_n_spots_h2ax_mean	-0.30954781976154716
55	ADCCM	cc_s_n_spots_h2ax_per_nucleus_area_mean	-0.2785798916284178
56	ADCCM	vb_infection_percentage	-0.06939568672733364
57	ADCCM	vb_live_cell_area	-0.17844014481338888
58	ADCCM	vb_live_cell_roundness	0.3393642407356247
59	ADCCM	vb_live_cell_width_length	0.3484305054732442
60	ADCCM	vb_num_live_cells	0.17855887725765873
61	ADCCM	vb_percent_all_apoptosis	-0.05278055143904092
62	ADCCM	vb_percent_caspase_dead_only	0.08996546023671426
63	ADCCM	vb_percent_dead	-0.07115339304511976
64	ADCCM	vb_percent_dead_only	-0.08562369003174135
65	ADCCM	vb_percent_early_apoptosis	-0.10140885633444277
66	ADCCM	vb_percent_late_apoptosis	-0.03225115280090686
67	ADCCM	vb_percent_live	0.0709752855562268
68	ADCCM	vb_ros_back_mean	0.14372903608615425
69	ADCCM	vb_ros_mean	0.1593004246729125
70	Anaphase	cc_all_high_h2ax	0.14766768627373272
71	Anaphase	cc_all_large_notround_polynuclear_mean	-0.08442512679692282
72	Anaphase	cc_all_large_round_polyploid_mean	0.02326860052353617
73	Anaphase	cc_all_n_objects	-0.14427605018894402
74	Anaphase	cc_all_n_spots_h2ax_mean	0.24851661897620664
75	Anaphase	cc_all_n_spots_h2ax_per_nucleus_area_mean	0.2183757355961114
76	Anaphase	cc_all_nucleus_area_mean	0.12042460495386241
77	Anaphase	cc_all_nucleus_roundness_mean	0.29874644286086066
78	Anaphase	cc_cc_early_mitosis	-0.08206026041198027
79	Anaphase	cc_cc_g1	0.19061361605441632
80	Anaphase	cc_cc_g2	0.1923768667494896
81	Anaphase	cc_cc_high_h2ax	0.06589120081893578
82	Anaphase	cc_cc_late_mitosis	0.0910324755672491
83	Anaphase	cc_cc_mitosis	-0.2330002621110316
84	Anaphase	cc_cc_n_objects	-0.1673850944544943
85	Anaphase	cc_cc_n_spots_h2ax_mean	0.11335208813655585
86	Anaphase	cc_cc_n_spots_h2ax_per_nucleus_area_mean	0.07535465469725669
87	Anaphase	cc_cc_s	-0.16748414038009898
88	Anaphase	cc_early_mitosis_high_h2ax	0.0767326893514746
89	Anaphase	cc_early_mitosis_n_objects	0.012482976312722474
90	Anaphase	cc_early_mitosis_n_spots_h2ax_mean	0.08312021822123329
91	Anaphase	cc_early_mitosis_n_spots_h2ax_per_nucleus_area_mean	0.09521795362287175
92	Anaphase	cc_g1_high_h2ax	0.09960239158928949
93	Anaphase	cc_g1_n_objects	-0.1388600266566659
94	Anaphase	cc_g1_n_spots_h2ax_mean	0.13274777805445698
95	Anaphase	cc_g1_n_spots_h2ax_per_nucleus_area_mean	0.09629896267955687
96	Anaphase	cc_g1_plus_g2_count	0.2741993454749847
97	Anaphase	cc_g2_g1_count	0.1262080253587801
98	Anaphase	cc_g2_high_h2ax	-0.01752585835954402
99	Anaphase	cc_g2_n_objects	0.04847844881649354
100	Anaphase	cc_g2_n_spots_h2ax_mean	-0.032017385940983745
101	Anaphase	cc_g2_n_spots_h2ax_per_nucleus_area_mean	-0.04785048433715606
102	Anaphase	cc_g2_plus_all_m_count	-0.011304626347225387
103	Anaphase	cc_infection_percentage	0.10628550286315709
104	Anaphase	cc_late_mitosis_high_h2ax	0.006700440281402474
105	Anaphase	cc_late_mitosis_n_objects	0.0805460661660038
106	Anaphase	cc_late_mitosis_n_spots_h2ax_mean	0.15062119287189749
107	Anaphase	cc_late_mitosis_n_spots_h2ax_per_nucleus_area_mean	0.0883431781968664
108	Anaphase	cc_mitosis_high_h2ax	-0.0015714729631217395
109	Anaphase	cc_mitosis_n_objects	0.045184815149156225
110	Anaphase	cc_mitosis_n_spots_h2ax_mean	0.13462733562713097
111	Anaphase	cc_mitosis_n_spots_h2ax_per_nucleus_area_mean	0.12104923174483143
112	Anaphase	cc_polynuclear_high_h2ax	0.14273990133502956
113	Anaphase	cc_polynuclear_n_objects	0.019642272637274565
114	Anaphase	cc_polynuclear_n_spots_h2ax_mean	0.21768571268199186
115	Anaphase	cc_polynuclear_n_spots_h2ax_per_nucleus_area_mean	0.18304939445742746
116	Anaphase	cc_polyploid_high_h2ax	0.1778219400296514
117	Anaphase	cc_polyploid_n_objects	0.20761885752000092
118	Anaphase	cc_polyploid_n_spots_h2ax_mean	0.16581344006946683
119	Anaphase	cc_polyploid_n_spots_h2ax_per_nucleus_area_mean	0.17429407740073924
120	Anaphase	cc_s_high_h2ax	0.10394104834998902
121	Anaphase	cc_s_intensity_nucleus_area_mean	-0.16081976436299494
122	Anaphase	cc_s_intensity_nucleus_area_sum	-0.19943353906621408
123	Anaphase	cc_s_n_objects	-0.1900060284350461
124	Anaphase	cc_s_n_spots_h2ax_mean	0.16639855696550904
125	Anaphase	cc_s_n_spots_h2ax_per_nucleus_area_mean	0.11180521935963168
126	Anaphase	vb_infection_percentage	0.10628550286315709
127	Anaphase	vb_live_cell_area	0.20118732415447682
128	Anaphase	vb_live_cell_roundness	-0.2655788783905915
129	Anaphase	vb_live_cell_width_length	-0.2791645730376254
130	Anaphase	vb_num_live_cells	-0.12875240340702518
131	Anaphase	vb_percent_all_apoptosis	-0.06586287827518147
132	Anaphase	vb_percent_caspase_dead_only	0.030819349965405623
133	Anaphase	vb_percent_dead	-0.10849004395888578
134	Anaphase	vb_percent_dead_only	-0.09442893695781819
135	Anaphase	vb_percent_early_apoptosis	0.06221109757546301
136	Anaphase	vb_percent_late_apoptosis	-0.11649228738757514
137	Anaphase	vb_percent_live	0.10859801862870266
138	Anaphase	vb_ros_back_mean	-0.1489530432417266
139	Anaphase	vb_ros_mean	-0.15339684444701532
140	Apoptosis	cc_all_high_h2ax	-0.05628659775276236
141	Apoptosis	cc_all_large_notround_polynuclear_mean	-0.08215045349421969
142	Apoptosis	cc_all_large_round_polyploid_mean	-0.09397137982777862
143	Apoptosis	cc_all_n_objects	-0.27681869793707875
144	Apoptosis	cc_all_n_spots_h2ax_mean	-0.21859925302990005
145	Apoptosis	cc_all_n_spots_h2ax_per_nucleus_area_mean	-0.1794308881301612
146	Apoptosis	cc_all_nucleus_area_mean	-0.15487277256259718
147	Apoptosis	cc_all_nucleus_roundness_mean	-0.470502747887655
148	Apoptosis	cc_cc_early_mitosis	0.18587410873739008
149	Apoptosis	cc_cc_g1	-0.030755669359211465
150	Apoptosis	cc_cc_g2	-0.12377188384067496
151	Apoptosis	cc_cc_high_h2ax	0.0474151132988644
152	Apoptosis	cc_cc_late_mitosis	-0.06854959068748874
153	Apoptosis	cc_cc_mitosis	0.10403925607604182
154	Apoptosis	cc_cc_n_objects	-0.24262369737701794
155	Apoptosis	cc_cc_n_spots_h2ax_mean	0.020937551644686827
156	Apoptosis	cc_cc_n_spots_h2ax_per_nucleus_area_mean	0.08815643463677207
157	Apoptosis	cc_cc_s	-0.13149621158348762
158	Apoptosis	cc_early_mitosis_high_h2ax	-0.01705945431664599
159	Apoptosis	cc_early_mitosis_n_objects	-0.3417187357091585
160	Apoptosis	cc_early_mitosis_n_spots_h2ax_mean	0.028195605676051064
161	Apoptosis	cc_early_mitosis_n_spots_h2ax_per_nucleus_area_mean	0.005575049728542061
162	Apoptosis	cc_g1_high_h2ax	0.08259355575935148
163	Apoptosis	cc_g1_n_objects	-0.26058329360103066
164	Apoptosis	cc_g1_n_spots_h2ax_mean	0.13134644130802514
165	Apoptosis	cc_g1_n_spots_h2ax_per_nucleus_area_mean	0.22248320666648894
166	Apoptosis	cc_g1_plus_g2_count	-0.05970432728443151
167	Apoptosis	cc_g2_g1_count	-0.1072773872824611
168	Apoptosis	cc_g2_high_h2ax	0.09296084193436241
169	Apoptosis	cc_g2_n_objects	-0.38430149432847815
170	Apoptosis	cc_g2_n_spots_h2ax_mean	0.07308590002400077
171	Apoptosis	cc_g2_n_spots_h2ax_per_nucleus_area_mean	0.08794973475317464
172	Apoptosis	cc_g2_plus_all_m_count	0.14911742565581987
173	Apoptosis	cc_infection_percentage	0.1116011419400694
174	Apoptosis	cc_late_mitosis_high_h2ax	-0.016675250886484624
175	Apoptosis	cc_late_mitosis_n_objects	-0.27295769818658766
176	Apoptosis	cc_late_mitosis_n_spots_h2ax_mean	-0.27417287848959926
177	Apoptosis	cc_late_mitosis_n_spots_h2ax_per_nucleus_area_mean	-0.23452141767005777
178	Apoptosis	cc_mitosis_high_h2ax	-0.08378382993044144
179	Apoptosis	cc_mitosis_n_objects	-0.3830460975516728
180	Apoptosis	cc_mitosis_n_spots_h2ax_mean	-0.17838644748492555
181	Apoptosis	cc_mitosis_n_spots_h2ax_per_nucleus_area_mean	-0.21757985926129692
182	Apoptosis	cc_polynuclear_high_h2ax	-0.1518066550002115
183	Apoptosis	cc_polynuclear_n_objects	-0.34257385015209796
184	Apoptosis	cc_polynuclear_n_spots_h2ax_mean	-0.16186417363080488
185	Apoptosis	cc_polynuclear_n_spots_h2ax_per_nucleus_area_mean	-0.16491956127882976
186	Apoptosis	cc_polyploid_high_h2ax	-0.22985654202074
187	Apoptosis	cc_polyploid_n_objects	-0.44861740207153566
188	Apoptosis	cc_polyploid_n_spots_h2ax_mean	-0.2026643605123608
189	Apoptosis	cc_polyploid_n_spots_h2ax_per_nucleus_area_mean	-0.1965721073067762
190	Apoptosis	cc_s_high_h2ax	-0.15352193979097636
191	Apoptosis	cc_s_intensity_nucleus_area_mean	0.01492770980611813
192	Apoptosis	cc_s_intensity_nucleus_area_sum	-0.20631591454871348
193	Apoptosis	cc_s_n_objects	-0.22081522128682354
194	Apoptosis	cc_s_n_spots_h2ax_mean	-0.233365627163777
195	Apoptosis	cc_s_n_spots_h2ax_per_nucleus_area_mean	-0.1520727449265184
196	Apoptosis	vb_infection_percentage	0.1116011419400694
197	Apoptosis	vb_live_cell_area	-0.05157896103330983
198	Apoptosis	vb_live_cell_roundness	0.03674525068513755
199	Apoptosis	vb_live_cell_width_length	-0.03924606560796716
200	Apoptosis	vb_num_live_cells	-0.27563106031685863
201	Apoptosis	vb_percent_all_apoptosis	0.4684002334212247
202	Apoptosis	vb_percent_caspase_dead_only	0.005028454467699959
203	Apoptosis	vb_percent_dead	0.5072823754401864
204	Apoptosis	vb_percent_dead_only	0.46107745217629437
205	Apoptosis	vb_percent_early_apoptosis	0.12531567798892876
206	Apoptosis	vb_percent_late_apoptosis	0.520448696223446
207	Apoptosis	vb_percent_live	-0.5074629775132937
208	Apoptosis	vb_ros_back_mean	0.407640817764907
209	Apoptosis	vb_ros_mean	0.3928383270488311
210	Artefact	cc_all_high_h2ax	-0.2565249742598391
211	Artefact	cc_all_large_notround_polynuclear_mean	0.10149854360116456
212	Artefact	cc_all_large_round_polyploid_mean	-0.04576244566717141
213	Artefact	cc_all_n_objects	0.3494797881011007
214	Artefact	cc_all_n_spots_h2ax_mean	-0.30644699175727297
215	Artefact	cc_all_n_spots_h2ax_per_nucleus_area_mean	-0.3176792004290096
216	Artefact	cc_all_nucleus_area_mean	-0.3194075344387008
217	Artefact	cc_all_nucleus_roundness_mean	-0.035765119093108685
218	Artefact	cc_cc_early_mitosis	-0.0041252375355213785
219	Artefact	cc_cc_g1	-0.4119879710556665
220	Artefact	cc_cc_g2	-0.38617720392930216
221	Artefact	cc_cc_high_h2ax	-0.3039184004004574
222	Artefact	cc_cc_late_mitosis	0.15049816851184428
223	Artefact	cc_cc_mitosis	0.3194559040375414
224	Artefact	cc_cc_n_objects	0.3821380415519354
225	Artefact	cc_cc_n_spots_h2ax_mean	-0.3818179875029654
226	Artefact	cc_cc_n_spots_h2ax_per_nucleus_area_mean	-0.41656712070755775
227	Artefact	cc_cc_s	0.4798587759549846
228	Artefact	cc_early_mitosis_high_h2ax	-0.05118208970454274
229	Artefact	cc_early_mitosis_n_objects	0.22672457160588955
230	Artefact	cc_early_mitosis_n_spots_h2ax_mean	-0.09167450973595385
231	Artefact	cc_early_mitosis_n_spots_h2ax_per_nucleus_area_mean	-0.17596261453411416
232	Artefact	cc_g1_high_h2ax	-0.26633539333458284
233	Artefact	cc_g1_n_objects	0.3361837414872438
234	Artefact	cc_g1_n_spots_h2ax_mean	-0.34778956453785004
235	Artefact	cc_g1_n_spots_h2ax_per_nucleus_area_mean	-0.3809671008686048
236	Artefact	cc_g1_plus_g2_count	-0.5613547135753486
237	Artefact	cc_g2_g1_count	-0.23605206979497528
238	Artefact	cc_g2_high_h2ax	-0.24477294104611866
239	Artefact	cc_g2_n_objects	0.12051901614078363
240	Artefact	cc_g2_n_spots_h2ax_mean	-0.20554140797807857
241	Artefact	cc_g2_n_spots_h2ax_per_nucleus_area_mean	-0.24582410005214886
242	Artefact	cc_g2_plus_all_m_count	-0.011027674370394815
243	Artefact	cc_infection_percentage	0.015627905336807572
244	Artefact	cc_late_mitosis_high_h2ax	-0.04420275901831572
245	Artefact	cc_late_mitosis_n_objects	0.13042461734598215
246	Artefact	cc_late_mitosis_n_spots_h2ax_mean	-0.17575925544777127
247	Artefact	cc_late_mitosis_n_spots_h2ax_per_nucleus_area_mean	-0.18887628653997898
248	Artefact	cc_mitosis_high_h2ax	-0.03220376207002848
249	Artefact	cc_mitosis_n_objects	0.1783813676844843
250	Artefact	cc_mitosis_n_spots_h2ax_mean	-0.11931659593527542
251	Artefact	cc_mitosis_n_spots_h2ax_per_nucleus_area_mean	-0.15190390518854838
252	Artefact	cc_polynuclear_high_h2ax	-0.29347622383242616
253	Artefact	cc_polynuclear_n_objects	0.07453460335492781
254	Artefact	cc_polynuclear_n_spots_h2ax_mean	-0.310446368322706
255	Artefact	cc_polynuclear_n_spots_h2ax_per_nucleus_area_mean	-0.2802927703595187
256	Artefact	cc_polyploid_high_h2ax	-0.3490332742683063
257	Artefact	cc_polyploid_n_objects	-0.10430236424438277
258	Artefact	cc_polyploid_n_spots_h2ax_mean	-0.3193968766883582
259	Artefact	cc_polyploid_n_spots_h2ax_per_nucleus_area_mean	-0.3649913764721371
260	Artefact	cc_s_high_h2ax	-0.22793829594592122
261	Artefact	cc_s_intensity_nucleus_area_mean	0.29706753980754397
262	Artefact	cc_s_intensity_nucleus_area_sum	0.39351704574901064
263	Artefact	cc_s_n_objects	0.41051689338975716
264	Artefact	cc_s_n_spots_h2ax_mean	-0.2731968755763937
265	Artefact	cc_s_n_spots_h2ax_per_nucleus_area_mean	-0.31971569839666675
266	Artefact	vb_infection_percentage	0.015627905336807572
267	Artefact	vb_live_cell_area	-0.17546564551593197
268	Artefact	vb_live_cell_roundness	0.5501290696637974
269	Artefact	vb_live_cell_width_length	0.5553542738619567
270	Artefact	vb_num_live_cells	0.37645411204735485
271	Artefact	vb_percent_all_apoptosis	-0.09049447687107812
272	Artefact	vb_percent_caspase_dead_only	0.03336547618902039
273	Artefact	vb_percent_dead	-0.11116863364002955
274	Artefact	vb_percent_dead_only	-0.15135303608915687
275	Artefact	vb_percent_early_apoptosis	-0.11586743341739449
276	Artefact	vb_percent_late_apoptosis	-0.055100958729529054
277	Artefact	vb_percent_live	0.11083792130493743
278	Artefact	vb_ros_back_mean	0.1422666127624961
279	Artefact	vb_ros_mean	0.025093136928838054
280	Binuclear	cc_all_high_h2ax	0.02272224228830901
281	Binuclear	cc_all_large_notround_polynuclear_mean	-0.023813614420757495
282	Binuclear	cc_all_large_round_polyploid_mean	-0.09512756747662528
283	Binuclear	cc_all_n_objects	0.4473792037533142
284	Binuclear	cc_all_n_spots_h2ax_mean	0.1140274025695157
285	Binuclear	cc_all_n_spots_h2ax_per_nucleus_area_mean	0.037532914069102356
286	Binuclear	cc_all_nucleus_area_mean	0.18656841609693148
287	Binuclear	cc_all_nucleus_roundness_mean	0.27085297952879683
288	Binuclear	cc_cc_early_mitosis	-0.206041828267933
289	Binuclear	cc_cc_g1	-0.06309815348126313
290	Binuclear	cc_cc_g2	0.0012190203401729726
291	Binuclear	cc_cc_high_h2ax	-0.10974788161872176
292	Binuclear	cc_cc_late_mitosis	-0.025420003833413883
293	Binuclear	cc_cc_mitosis	-0.1666462380084376
294	Binuclear	cc_cc_n_objects	0.441536444732929
295	Binuclear	cc_cc_n_spots_h2ax_mean	-0.0922311233016362
296	Binuclear	cc_cc_n_spots_h2ax_per_nucleus_area_mean	-0.18358643709969694
297	Binuclear	cc_cc_s	0.24395249533965577
298	Binuclear	cc_early_mitosis_high_h2ax	0.15304398942995392
299	Binuclear	cc_early_mitosis_n_objects	0.3762996209654935
300	Binuclear	cc_early_mitosis_n_spots_h2ax_mean	-0.038010034266827836
301	Binuclear	cc_early_mitosis_n_spots_h2ax_per_nucleus_area_mean	-0.10946206187103762
302	Binuclear	cc_g1_high_h2ax	-0.19195148089173136
303	Binuclear	cc_g1_n_objects	0.44709968915238035
304	Binuclear	cc_g1_n_spots_h2ax_mean	-0.18849227946872904
305	Binuclear	cc_g1_n_spots_h2ax_per_nucleus_area_mean	-0.3050103741165384
306	Binuclear	cc_g1_plus_g2_count	-0.09260027061895888
307	Binuclear	cc_g2_g1_count	-0.00519774632315796
308	Binuclear	cc_g2_high_h2ax	-0.13906995894205632
309	Binuclear	cc_g2_n_objects	0.39523958160221534
310	Binuclear	cc_g2_n_spots_h2ax_mean	-0.1422306240522066
311	Binuclear	cc_g2_n_spots_h2ax_per_nucleus_area_mean	-0.19691894210652233
312	Binuclear	cc_g2_plus_all_m_count	-0.2703623642675041
313	Binuclear	cc_infection_percentage	-0.05885202930160377
314	Binuclear	cc_late_mitosis_high_h2ax	-0.019232296210463407
315	Binuclear	cc_late_mitosis_n_objects	0.15603084159755995
316	Binuclear	cc_late_mitosis_n_spots_h2ax_mean	0.004851509428711447
317	Binuclear	cc_late_mitosis_n_spots_h2ax_per_nucleus_area_mean	-0.04678969308467859
318	Binuclear	cc_mitosis_high_h2ax	0.03356511701849885
319	Binuclear	cc_mitosis_n_objects	0.26680548878606514
320	Binuclear	cc_mitosis_n_spots_h2ax_mean	-0.009257974617059066
321	Binuclear	cc_mitosis_n_spots_h2ax_per_nucleus_area_mean	-0.026199382854545608
322	Binuclear	cc_polynuclear_high_h2ax	0.050348195719520164
323	Binuclear	cc_polynuclear_n_objects	0.28639976699929676
324	Binuclear	cc_polynuclear_n_spots_h2ax_mean	0.04323147010494814
325	Binuclear	cc_polynuclear_n_spots_h2ax_per_nucleus_area_mean	0.05518851968941375
326	Binuclear	cc_polyploid_high_h2ax	0.06188682008888945
327	Binuclear	cc_polyploid_n_objects	0.2651511058652311
328	Binuclear	cc_polyploid_n_spots_h2ax_mean	0.04507421830852693
329	Binuclear	cc_polyploid_n_spots_h2ax_per_nucleus_area_mean	-0.006666837915815909
330	Binuclear	cc_s_high_h2ax	0.052503754116806314
331	Binuclear	cc_s_intensity_nucleus_area_mean	-0.03964651121940346
332	Binuclear	cc_s_intensity_nucleus_area_sum	0.39533156884962956
333	Binuclear	cc_s_n_objects	0.403172102638985
334	Binuclear	cc_s_n_spots_h2ax_mean	0.15578733318124022
335	Binuclear	cc_s_n_spots_h2ax_per_nucleus_area_mean	0.06863940233315281
336	Binuclear	vb_infection_percentage	-0.05885202930160377
337	Binuclear	vb_live_cell_area	-0.06733745195985323
338	Binuclear	vb_live_cell_roundness	0.31130360151419084
339	Binuclear	vb_live_cell_width_length	0.35458909360412677
340	Binuclear	vb_num_live_cells	0.429377705668953
341	Binuclear	vb_percent_all_apoptosis	-0.27734013905246474
342	Binuclear	vb_percent_caspase_dead_only	0.002538622016058558
343	Binuclear	vb_percent_dead	-0.36050113994326016
344	Binuclear	vb_percent_dead_only	-0.4089738862559119
345	Binuclear	vb_percent_early_apoptosis	-0.1481780633001498
346	Binuclear	vb_percent_late_apoptosis	-0.2967170241968085
347	Binuclear	vb_percent_live	0.3605098922282322
348	Binuclear	vb_ros_back_mean	0.06582421392737951
349	Binuclear	vb_ros_mean	-0.043158185053202965
350	Elongated	cc_all_high_h2ax	0.07084014652700858
351	Elongated	cc_all_large_notround_polynuclear_mean	-0.17286757085109847
352	Elongated	cc_all_large_round_polyploid_mean	-0.1838050580135198
353	Elongated	cc_all_n_objects	-0.3106781661635944
354	Elongated	cc_all_n_spots_h2ax_mean	0.016345600269609833
355	Elongated	cc_all_n_spots_h2ax_per_nucleus_area_mean	0.02569523165914131
356	Elongated	cc_all_nucleus_area_mean	-0.11013997265525553
357	Elongated	cc_all_nucleus_roundness_mean	-0.33783806214825346
358	Elongated	cc_cc_early_mitosis	0.21865280953708024
359	Elongated	cc_cc_g1	0.2797396025783621
360	Elongated	cc_cc_g2	0.11272028828629371
361	Elongated	cc_cc_high_h2ax	0.20602037387881433
362	Elongated	cc_cc_late_mitosis	-0.2304181845433058
363	Elongated	cc_cc_mitosis	-0.23390405940934378
364	Elongated	cc_cc_n_objects	-0.30115152963180986
365	Elongated	cc_cc_n_spots_h2ax_mean	0.2180416964639355
366	Elongated	cc_cc_n_spots_h2ax_per_nucleus_area_mean	0.26271502295509236
367	Elongated	cc_cc_s	-0.4134014762090483
368	Elongated	cc_early_mitosis_high_h2ax	-0.07224455248863175
369	Elongated	cc_early_mitosis_n_objects	-0.23904459542335585
370	Elongated	cc_early_mitosis_n_spots_h2ax_mean	0.09428097607607433
371	Elongated	cc_early_mitosis_n_spots_h2ax_per_nucleus_area_mean	0.1019511169495117
372	Elongated	cc_g1_high_h2ax	0.20079121987023418
373	Elongated	cc_g1_n_objects	-0.2783804272140512
374	Elongated	cc_g1_n_spots_h2ax_mean	0.25806587947082715
375	Elongated	cc_g1_n_spots_h2ax_per_nucleus_area_mean	0.29720912060483917
376	Elongated	cc_g1_plus_g2_count	0.33633003137618356
377	Elongated	cc_g2_g1_count	-0.013346679212266654
378	Elongated	cc_g2_high_h2ax	0.1789198923481597
379	Elongated	cc_g2_n_objects	-0.36155899533642283
380	Elongated	cc_g2_n_spots_h2ax_mean	0.19163910297735556
381	Elongated	cc_g2_n_spots_h2ax_per_nucleus_area_mean	0.19986302871638814
382	Elongated	cc_g2_plus_all_m_count	0.10379286108818589
383	Elongated	cc_infection_percentage	0.09360556379628
384	Elongated	cc_late_mitosis_high_h2ax	0.0012606042395787167
385	Elongated	cc_late_mitosis_n_objects	-0.3285789603137758
386	Elongated	cc_late_mitosis_n_spots_h2ax_mean	-0.1229858587336757
387	Elongated	cc_late_mitosis_n_spots_h2ax_per_nucleus_area_mean	-0.06360670134695569
388	Elongated	cc_mitosis_high_h2ax	-0.061032838754184644
389	Elongated	cc_mitosis_n_objects	-0.41081351940543254
390	Elongated	cc_mitosis_n_spots_h2ax_mean	-0.040231525060764335
391	Elongated	cc_mitosis_n_spots_h2ax_per_nucleus_area_mean	-0.06600183373851067
392	Elongated	cc_polynuclear_high_h2ax	-0.004505276765318527
393	Elongated	cc_polynuclear_n_objects	-0.30026593510730537
394	Elongated	cc_polynuclear_n_spots_h2ax_mean	0.007574149702455146
395	Elongated	cc_polynuclear_n_spots_h2ax_per_nucleus_area_mean	-0.0015692616867026645
396	Elongated	cc_polyploid_high_h2ax	0.05910213507878024
397	Elongated	cc_polyploid_n_objects	-0.4203190474651995
398	Elongated	cc_polyploid_n_spots_h2ax_mean	0.13258654644320234
399	Elongated	cc_polyploid_n_spots_h2ax_per_nucleus_area_mean	0.11777609101014606
400	Elongated	cc_s_high_h2ax	0.05635795546332867
401	Elongated	cc_s_intensity_nucleus_area_mean	-0.1949409489108239
402	Elongated	cc_s_intensity_nucleus_area_sum	-0.3141167034116488
403	Elongated	cc_s_n_objects	-0.3142241638491932
404	Elongated	cc_s_n_spots_h2ax_mean	0.009868528964576436
405	Elongated	cc_s_n_spots_h2ax_per_nucleus_area_mean	0.04797117882149733
406	Elongated	vb_infection_percentage	0.09360556379628
407	Elongated	vb_live_cell_area	-0.24162705872066995
408	Elongated	vb_live_cell_roundness	-0.33071577376342315
409	Elongated	vb_live_cell_width_length	-0.38602457514408306
410	Elongated	vb_num_live_cells	-0.24645575921947419
411	Elongated	vb_percent_all_apoptosis	0.1767788322684796
412	Elongated	vb_percent_caspase_dead_only	-0.15278585594660016
413	Elongated	vb_percent_dead	0.2332549267375784
414	Elongated	vb_percent_dead_only	0.24087145128698692
415	Elongated	vb_percent_early_apoptosis	0.08385313387146123
416	Elongated	vb_percent_late_apoptosis	0.21971204484395265
417	Elongated	vb_percent_live	-0.23300227287102723
418	Elongated	vb_ros_back_mean	-0.18507705915953304
419	Elongated	vb_ros_mean	-0.0930449237097465
420	Grape	cc_all_high_h2ax	-0.056718693232583446
421	Grape	cc_all_large_notround_polynuclear_mean	0.12142263014272237
422	Grape	cc_all_large_round_polyploid_mean	-0.014861857308700372
423	Grape	cc_all_n_objects	-0.1397379110620518
424	Grape	cc_all_n_spots_h2ax_mean	-0.12082723136021878
425	Grape	cc_all_n_spots_h2ax_per_nucleus_area_mean	-0.1065797836004893
426	Grape	cc_all_nucleus_area_mean	-0.19530882352470968
427	Grape	cc_all_nucleus_roundness_mean	-0.32902605193873813
428	Grape	cc_cc_early_mitosis	0.09986757989611136
429	Grape	cc_cc_g1	-0.055495910835468204
430	Grape	cc_cc_g2	0.14693882661011984
431	Grape	cc_cc_high_h2ax	0.08966437705280826
432	Grape	cc_cc_late_mitosis	-0.06595615390531616
433	Grape	cc_cc_mitosis	0.014443440672042712
434	Grape	cc_cc_n_objects	-0.1384063276395943
435	Grape	cc_cc_n_spots_h2ax_mean	0.09533065910236636
436	Grape	cc_cc_n_spots_h2ax_per_nucleus_area_mean	0.1524259641151064
437	Grape	cc_cc_s	-0.06831879236805034
438	Grape	cc_early_mitosis_high_h2ax	-0.11901722467221454
439	Grape	cc_early_mitosis_n_objects	-0.26058112887960017
440	Grape	cc_early_mitosis_n_spots_h2ax_mean	-0.00385688840272255
441	Grape	cc_early_mitosis_n_spots_h2ax_per_nucleus_area_mean	0.041984379679831235
442	Grape	cc_g1_high_h2ax	0.09906813689203478
443	Grape	cc_g1_n_objects	-0.15076158834699982
444	Grape	cc_g1_n_spots_h2ax_mean	0.08260182185771196
445	Grape	cc_g1_n_spots_h2ax_per_nucleus_area_mean	0.1016600656437955
446	Grape	cc_g1_plus_g2_count	0.022345573357303753
447	Grape	cc_g2_g1_count	0.09998755649607664
448	Grape	cc_g2_high_h2ax	0.05973142958355284
449	Grape	cc_g2_n_objects	-0.19960719529979393
450	Grape	cc_g2_n_spots_h2ax_mean	0.10129623520951046
451	Grape	cc_g2_n_spots_h2ax_per_nucleus_area_mean	0.1647196333546259
452	Grape	cc_g2_plus_all_m_count	0.2030308791882391
453	Grape	cc_infection_percentage	0.02856108029847156
454	Grape	cc_late_mitosis_high_h2ax	0.06289488531320421
455	Grape	cc_late_mitosis_n_objects	-0.11349191141539053
456	Grape	cc_late_mitosis_n_spots_h2ax_mean	-0.014356160432128378
457	Grape	cc_late_mitosis_n_spots_h2ax_per_nucleus_area_mean	0.014684671349020212
458	Grape	cc_mitosis_high_h2ax	-0.04234035763263623
459	Grape	cc_mitosis_n_objects	-0.19455070188517873
460	Grape	cc_mitosis_n_spots_h2ax_mean	0.05428134119247179
461	Grape	cc_mitosis_n_spots_h2ax_per_nucleus_area_mean	0.011957857806075417
462	Grape	cc_polynuclear_high_h2ax	-0.10026212909269314
463	Grape	cc_polynuclear_n_objects	-0.07925706057571555
464	Grape	cc_polynuclear_n_spots_h2ax_mean	-0.12326260509981031
465	Grape	cc_polynuclear_n_spots_h2ax_per_nucleus_area_mean	-0.09069082703724851
466	Grape	cc_polyploid_high_h2ax	0.026263580214657165
467	Grape	cc_polyploid_n_objects	-0.25405496932457106
468	Grape	cc_polyploid_n_spots_h2ax_mean	0.022851780013870705
469	Grape	cc_polyploid_n_spots_h2ax_per_nucleus_area_mean	0.026105510948471602
470	Grape	cc_s_high_h2ax	-0.004069837465305582
471	Grape	cc_s_intensity_nucleus_area_mean	0.022774571306999076
472	Grape	cc_s_intensity_nucleus_area_sum	-0.11070539743592672
473	Grape	cc_s_n_objects	-0.11411963812515194
474	Grape	cc_s_n_spots_h2ax_mean	-0.04493817682955048
475	Grape	cc_s_n_spots_h2ax_per_nucleus_area_mean	0.02226246059064909
476	Grape	vb_infection_percentage	0.02856108029847156
477	Grape	vb_live_cell_area	-0.24195888407540694
478	Grape	vb_live_cell_roundness	-0.07468888449336493
479	Grape	vb_live_cell_width_length	-0.028229424788834865
480	Grape	vb_num_live_cells	-0.0903124224477004
481	Grape	vb_percent_all_apoptosis	0.0893679605646956
482	Grape	vb_percent_caspase_dead_only	-0.013832445136083876
483	Grape	vb_percent_dead	0.16814305798527843
484	Grape	vb_percent_dead_only	0.19218918321055342
485	Grape	vb_percent_early_apoptosis	0.07840916098987195
486	Grape	vb_percent_late_apoptosis	0.1400382377793294
487	Grape	vb_percent_live	-0.16817718311646268
488	Grape	vb_ros_back_mean	-0.27550100393420435
489	Grape	vb_ros_mean	-0.18954211251145103
490	Hole	cc_all_high_h2ax	-0.21574025464742394
491	Hole	cc_all_large_notround_polynuclear_mean	-0.15253884114680896
492	Hole	cc_all_large_round_polyploid_mean	-0.23024338059313906
493	Hole	cc_all_n_objects	0.5504991114882526
494	Hole	cc_all_n_spots_h2ax_mean	-0.1301772946983621
495	Hole	cc_all_n_spots_h2ax_per_nucleus_area_mean	-0.16724814773525484
496	Hole	cc_all_nucleus_area_mean	-0.14158852916885767
497	Hole	cc_all_nucleus_roundness_mean	0.22226535642570952
498	Hole	cc_cc_early_mitosis	-0.24651860393472386
499	Hole	cc_cc_g1	-0.17546117186667862
500	Hole	cc_cc_g2	-0.19345335172547196
501	Hole	cc_cc_high_h2ax	-0.33711611415521653
502	Hole	cc_cc_late_mitosis	0.004702623095409097
503	Hole	cc_cc_mitosis	-0.16602211156273397
504	Hole	cc_cc_n_objects	0.568111853511487
505	Hole	cc_cc_n_spots_h2ax_mean	-0.3475809170170533
506	Hole	cc_cc_n_spots_h2ax_per_nucleus_area_mean	-0.4178153387901287
507	Hole	cc_cc_s	0.35762945205285507
508	Hole	cc_early_mitosis_high_h2ax	-0.12679182721055077
509	Hole	cc_early_mitosis_n_objects	0.34531569401789325
510	Hole	cc_early_mitosis_n_spots_h2ax_mean	-0.1548335655618695
511	Hole	cc_early_mitosis_n_spots_h2ax_per_nucleus_area_mean	-0.22595644901511572
512	Hole	cc_g1_high_h2ax	-0.31021372495620164
513	Hole	cc_g1_n_objects	0.5347955440997277
514	Hole	cc_g1_n_spots_h2ax_mean	-0.3685781494144489
515	Hole	cc_g1_n_spots_h2ax_per_nucleus_area_mean	-0.4427740487235493
516	Hole	cc_g1_plus_g2_count	-0.2439896001021225
517	Hole	cc_g2_g1_count	-0.14258049823715788
518	Hole	cc_g2_high_h2ax	-0.3190373718710115
519	Hole	cc_g2_n_objects	0.40258808165178034
520	Hole	cc_g2_n_spots_h2ax_mean	-0.3081935786511394
521	Hole	cc_g2_n_spots_h2ax_per_nucleus_area_mean	-0.3718397568565425
522	Hole	cc_g2_plus_all_m_count	-0.2695116661010571
523	Hole	cc_infection_percentage	0.019715448573898352
524	Hole	cc_late_mitosis_high_h2ax	-0.04400629972675347
525	Hole	cc_late_mitosis_n_objects	0.17554545141527203
526	Hole	cc_late_mitosis_n_spots_h2ax_mean	-0.11997544238767584
527	Hole	cc_late_mitosis_n_spots_h2ax_per_nucleus_area_mean	-0.15635138663763506
528	Hole	cc_mitosis_high_h2ax	-0.030621791694934803
529	Hole	cc_mitosis_n_objects	0.23082415697144817
530	Hole	cc_mitosis_n_spots_h2ax_mean	-0.13294222631606223
531	Hole	cc_mitosis_n_spots_h2ax_per_nucleus_area_mean	-0.13819319353202958
532	Hole	cc_polynuclear_high_h2ax	-0.16396547760458904
533	Hole	cc_polynuclear_n_objects	0.1984107255932876
534	Hole	cc_polynuclear_n_spots_h2ax_mean	-0.17886306226163315
535	Hole	cc_polynuclear_n_spots_h2ax_per_nucleus_area_mean	-0.17225211729612022
536	Hole	cc_polyploid_high_h2ax	-0.2237634879585301
537	Hole	cc_polyploid_n_objects	0.053488619741335834
538	Hole	cc_polyploid_n_spots_h2ax_mean	-0.15020505280865737
539	Hole	cc_polyploid_n_spots_h2ax_per_nucleus_area_mean	-0.18100543693548565
540	Hole	cc_s_high_h2ax	-0.17350360442271034
541	Hole	cc_s_intensity_nucleus_area_mean	0.20618782981901512
542	Hole	cc_s_intensity_nucleus_area_sum	0.5572293636990621
543	Hole	cc_s_n_objects	0.5709540390337932
544	Hole	cc_s_n_spots_h2ax_mean	-0.14073423074352398
545	Hole	cc_s_n_spots_h2ax_per_nucleus_area_mean	-0.22672668701913534
546	Hole	vb_infection_percentage	0.019715448573898352
547	Hole	vb_live_cell_area	-0.041650856432106795
548	Hole	vb_live_cell_roundness	0.4680147409185807
549	Hole	vb_live_cell_width_length	0.46248728368002184
550	Hole	vb_num_live_cells	0.557378871067541
551	Hole	vb_percent_all_apoptosis	-0.2890295177332778
552	Hole	vb_percent_caspase_dead_only	0.005231929468686005
553	Hole	vb_percent_dead	-0.3323760481219969
554	Hole	vb_percent_dead_only	-0.36550044947440236
555	Hole	vb_percent_early_apoptosis	-0.19366126862840372
556	Hole	vb_percent_late_apoptosis	-0.2684029558953324
557	Hole	vb_percent_live	0.3326346510814442
558	Hole	vb_ros_back_mean	0.08337239308529928
559	Hole	vb_ros_mean	-0.07181241539414197
560	Interphase	cc_all_high_h2ax	0.19282096477625724
561	Interphase	cc_all_large_notround_polynuclear_mean	-0.09847671429112527
562	Interphase	cc_all_large_round_polyploid_mean	0.1479780362998729
563	Interphase	cc_all_n_objects	-0.24333619011154836
564	Interphase	cc_all_n_spots_h2ax_mean	0.26038102662493917
565	Interphase	cc_all_n_spots_h2ax_per_nucleus_area_mean	0.24383140140143253
566	Interphase	cc_all_nucleus_area_mean	0.27912657809857877
567	Interphase	cc_all_nucleus_roundness_mean	0.2516905372831321
568	Interphase	cc_cc_early_mitosis	-0.03450714887688718
569	Interphase	cc_cc_g1	0.220258682501965
570	Interphase	cc_cc_g2	0.295852625375351
571	Interphase	cc_cc_high_h2ax	0.17870162118382285
572	Interphase	cc_cc_late_mitosis	0.012766322025817733
573	Interphase	cc_cc_mitosis	-0.19010537853502757
574	Interphase	cc_cc_n_objects	-0.2804412806638536
575	Interphase	cc_cc_n_spots_h2ax_mean	0.2236879378581818
576	Interphase	cc_cc_n_spots_h2ax_per_nucleus_area_mean	0.20121989397358986
577	Interphase	cc_cc_s	-0.243479512262466
578	Interphase	cc_early_mitosis_high_h2ax	0.06392821776508964
579	Interphase	cc_early_mitosis_n_objects	-0.04279838811303079
580	Interphase	cc_early_mitosis_n_spots_h2ax_mean	0.06357535869762512
581	Interphase	cc_early_mitosis_n_spots_h2ax_per_nucleus_area_mean	0.10002096363872874
582	Interphase	cc_g1_high_h2ax	0.17871515515909608
583	Interphase	cc_g1_n_objects	-0.24296207843134368
584	Interphase	cc_g1_n_spots_h2ax_mean	0.22104822971584132
585	Interphase	cc_g1_n_spots_h2ax_per_nucleus_area_mean	0.19820257591724677
586	Interphase	cc_g1_plus_g2_count	0.3300102990983769
587	Interphase	cc_g2_g1_count	0.24481735084076647
588	Interphase	cc_g2_high_h2ax	0.11431997956298665
589	Interphase	cc_g2_n_objects	0.051962244305410264
590	Interphase	cc_g2_n_spots_h2ax_mean	0.07080956983558719
591	Interphase	cc_g2_n_spots_h2ax_per_nucleus_area_mean	0.07924720990002328
592	Interphase	cc_g2_plus_all_m_count	0.050066517515914816
593	Interphase	cc_infection_percentage	-0.018153279246776715
594	Interphase	cc_late_mitosis_high_h2ax	-0.003899201414855648
595	Interphase	cc_late_mitosis_n_objects	0.02932287440682077
596	Interphase	cc_late_mitosis_n_spots_h2ax_mean	0.15116657813073436
597	Interphase	cc_late_mitosis_n_spots_h2ax_per_nucleus_area_mean	0.1390458437445199
598	Interphase	cc_mitosis_high_h2ax	0.04817462310116186
599	Interphase	cc_mitosis_n_objects	-0.010821134072407068
600	Interphase	cc_mitosis_n_spots_h2ax_mean	0.10425787198574941
601	Interphase	cc_mitosis_n_spots_h2ax_per_nucleus_area_mean	0.12940931739125972
602	Interphase	cc_polynuclear_high_h2ax	0.23107820745616547
603	Interphase	cc_polynuclear_n_objects	-0.033508709220197185
604	Interphase	cc_polynuclear_n_spots_h2ax_mean	0.3056328126526017
605	Interphase	cc_polynuclear_n_spots_h2ax_per_nucleus_area_mean	0.25470427382598376
606	Interphase	cc_polyploid_high_h2ax	0.24756906931957376
607	Interphase	cc_polyploid_n_objects	0.285581535712983
608	Interphase	cc_polyploid_n_spots_h2ax_mean	0.21788572303361045
609	Interphase	cc_polyploid_n_spots_h2ax_per_nucleus_area_mean	0.24086573566376293
610	Interphase	cc_s_high_h2ax	0.1722346476150412
611	Interphase	cc_s_intensity_nucleus_area_mean	-0.27667535606492116
612	Interphase	cc_s_intensity_nucleus_area_sum	-0.29728599026812114
613	Interphase	cc_s_n_objects	-0.29382863291870603
614	Interphase	cc_s_n_spots_h2ax_mean	0.23066450639614544
615	Interphase	cc_s_n_spots_h2ax_per_nucleus_area_mean	0.21252996809637253
616	Interphase	vb_infection_percentage	-0.018153279246776715
617	Interphase	vb_live_cell_area	0.25495312431809397
618	Interphase	vb_live_cell_roundness	-0.39518862095758145
619	Interphase	vb_live_cell_width_length	-0.4317841281295795
620	Interphase	vb_num_live_cells	-0.27590159549770965
621	Interphase	vb_percent_all_apoptosis	0.014726156731865938
622	Interphase	vb_percent_caspase_dead_only	0.03497515912885399
623	Interphase	vb_percent_dead	0.00796801715279567
624	Interphase	vb_percent_dead_only	0.0387378697616703
625	Interphase	vb_percent_early_apoptosis	0.10369749795941242
626	Interphase	vb_percent_late_apoptosis	-0.047492251954105606
627	Interphase	vb_percent_live	-0.007807693020746849
628	Interphase	vb_ros_back_mean	-0.17088321193194259
629	Interphase	vb_ros_mean	-0.10149394733136549
630	Large	cc_all_high_h2ax	0.3274156333157407
631	Large	cc_all_large_notround_polynuclear_mean	-0.19089087624208567
632	Large	cc_all_large_round_polyploid_mean	-0.06325127946396704
633	Large	cc_all_n_objects	-0.1284555040082969
634	Large	cc_all_n_spots_h2ax_mean	0.39405941408886075
635	Large	cc_all_n_spots_h2ax_per_nucleus_area_mean	0.41068617062116725
636	Large	cc_all_nucleus_area_mean	0.4837224929686076
637	Large	cc_all_nucleus_roundness_mean	-0.016344663118305947
638	Large	cc_cc_early_mitosis	-0.06037069926087222
639	Large	cc_cc_g1	0.43263557837613853
640	Large	cc_cc_g2	0.1534997586839021
641	Large	cc_cc_high_h2ax	0.25552432205671627
642	Large	cc_cc_late_mitosis	-0.4537708255438711
643	Large	cc_cc_mitosis	-0.326846627703861
644	Large	cc_cc_n_objects	-0.1138068985282736
645	Large	cc_cc_n_spots_h2ax_mean	0.3447593935713905
646	Large	cc_cc_n_spots_h2ax_per_nucleus_area_mean	0.36797449915131764
647	Large	cc_cc_s	-0.400162895046282
648	Large	cc_early_mitosis_high_h2ax	-0.003218967261721555
649	Large	cc_early_mitosis_n_objects	-0.1843791380513742
650	Large	cc_early_mitosis_n_spots_h2ax_mean	0.12543191016757213
651	Large	cc_early_mitosis_n_spots_h2ax_per_nucleus_area_mean	0.16549084756843424
652	Large	cc_g1_high_h2ax	0.1843755630005522
653	Large	cc_g1_n_objects	-0.07938662028930815
654	Large	cc_g1_n_spots_h2ax_mean	0.2886633415122765
655	Large	cc_g1_n_spots_h2ax_per_nucleus_area_mean	0.29502754000552267
656	Large	cc_g1_plus_g2_count	0.4861168701472146
657	Large	cc_g2_g1_count	-0.012783312109832693
658	Large	cc_g2_high_h2ax	0.2532310469168501
659	Large	cc_g2_n_objects	-0.13690913403337893
660	Large	cc_g2_n_spots_h2ax_mean	0.21404092694889398
661	Large	cc_g2_n_spots_h2ax_per_nucleus_area_mean	0.2260977312806866
662	Large	cc_g2_plus_all_m_count	-0.19139598977753025
663	Large	cc_infection_percentage	0.08360854152171011
664	Large	cc_late_mitosis_high_h2ax	-0.0010844700036213215
665	Large	cc_late_mitosis_n_objects	-0.32266128132025296
666	Large	cc_late_mitosis_n_spots_h2ax_mean	-0.06766095491698666
667	Large	cc_late_mitosis_n_spots_h2ax_per_nucleus_area_mean	-0.06481437518838783
668	Large	cc_mitosis_high_h2ax	-0.0657303079577905
669	Large	cc_mitosis_n_objects	-0.394661870384417
670	Large	cc_mitosis_n_spots_h2ax_mean	-0.15874926699658645
671	Large	cc_mitosis_n_spots_h2ax_per_nucleus_area_mean	-0.09998234913277651
672	Large	cc_polynuclear_high_h2ax	0.21328938002605125
673	Large	cc_polynuclear_n_objects	-0.20142532826008583
674	Large	cc_polynuclear_n_spots_h2ax_mean	0.1495381581187738
675	Large	cc_polynuclear_n_spots_h2ax_per_nucleus_area_mean	0.2017358638914583
676	Large	cc_polyploid_high_h2ax	0.13673319493696118
677	Large	cc_polyploid_n_objects	-0.22483962879815647
678	Large	cc_polyploid_n_spots_h2ax_mean	0.29928042484641904
679	Large	cc_polyploid_n_spots_h2ax_per_nucleus_area_mean	0.3601730919600689
680	Large	cc_s_high_h2ax	0.3281516819027738
681	Large	cc_s_intensity_nucleus_area_mean	-0.2829699015977609
682	Large	cc_s_intensity_nucleus_area_sum	-0.1315590112772059
683	Large	cc_s_n_objects	-0.14112142410752984
684	Large	cc_s_n_spots_h2ax_mean	0.3090073381088382
685	Large	cc_s_n_spots_h2ax_per_nucleus_area_mean	0.3632904601549968
686	Large	vb_infection_percentage	0.08360854152171011
687	Large	vb_live_cell_area	0.23250371634508327
688	Large	vb_live_cell_roundness	-0.27336173110178474
689	Large	vb_live_cell_width_length	-0.19950103037884712
690	Large	vb_num_live_cells	-0.07482357254056547
691	Large	vb_percent_all_apoptosis	-0.11749141931756002
692	Large	vb_percent_caspase_dead_only	-0.21320187221752232
693	Large	vb_percent_dead	-0.08716506701285769
694	Large	vb_percent_dead_only	-0.03958216626856316
695	Large	vb_percent_early_apoptosis	-0.05960988116314283
696	Large	vb_percent_late_apoptosis	-0.10393372905966468
697	Large	vb_percent_live	0.08731005192957993
698	Large	vb_ros_back_mean	-0.03303515579721507
699	Large	vb_ros_mean	-0.15259616179210087
700	Metaphase	cc_all_high_h2ax	-0.3524487538961762
701	Metaphase	cc_all_large_notround_polynuclear_mean	0.012160251200026465
702	Metaphase	cc_all_large_round_polyploid_mean	-0.2076318239002516
703	Metaphase	cc_all_n_objects	0.5907139572944043
704	Metaphase	cc_all_n_spots_h2ax_mean	-0.3203954676315124
705	Metaphase	cc_all_n_spots_h2ax_per_nucleus_area_mean	-0.3275229950152222
706	Metaphase	cc_all_nucleus_area_mean	-0.31262318552163626
707	Metaphase	cc_all_nucleus_roundness_mean	0.09146359228126415
708	Metaphase	cc_cc_early_mitosis	-0.19882384018044377
709	Metaphase	cc_cc_g1	-0.33255360397432304
710	Metaphase	cc_cc_g2	-0.3967463939573055
711	Metaphase	cc_cc_high_h2ax	-0.38832056167566287
712	Metaphase	cc_cc_late_mitosis	0.17495909545308191
713	Metaphase	cc_cc_mitosis	0.12288874034917276
714	Metaphase	cc_cc_n_objects	0.6081526851023592
715	Metaphase	cc_cc_n_spots_h2ax_mean	-0.4202715959803547
716	Metaphase	cc_cc_n_spots_h2ax_per_nucleus_area_mean	-0.4557693910295812
717	Metaphase	cc_cc_s	0.5253739462126661
718	Metaphase	cc_early_mitosis_high_h2ax	0.003245543725884315
719	Metaphase	cc_early_mitosis_n_objects	0.37726352784328027
720	Metaphase	cc_early_mitosis_n_spots_h2ax_mean	-0.13668954418610196
721	Metaphase	cc_early_mitosis_n_spots_h2ax_per_nucleus_area_mean	-0.19000227984561624
722	Metaphase	cc_g1_high_h2ax	-0.3684621117691557
723	Metaphase	cc_g1_n_objects	0.554571742487464
724	Metaphase	cc_g1_n_spots_h2ax_mean	-0.4100796432679806
725	Metaphase	cc_g1_n_spots_h2ax_per_nucleus_area_mean	-0.4408455290456152
726	Metaphase	cc_g1_plus_g2_count	-0.48285599621243097
727	Metaphase	cc_g2_g1_count	-0.2672079254307754
728	Metaphase	cc_g2_high_h2ax	-0.30814550164189786
729	Metaphase	cc_g2_n_objects	0.3602633168778244
730	Metaphase	cc_g2_n_spots_h2ax_mean	-0.27420711448821117
731	Metaphase	cc_g2_n_spots_h2ax_per_nucleus_area_mean	-0.31268891095013446
732	Metaphase	cc_g2_plus_all_m_count	-0.23600937573722244
733	Metaphase	cc_infection_percentage	-0.05498799310459472
734	Metaphase	cc_late_mitosis_high_h2ax	-0.00881725372339498
735	Metaphase	cc_late_mitosis_n_objects	0.2973838800965356
736	Metaphase	cc_late_mitosis_n_spots_h2ax_mean	-0.01926148945443107
737	Metaphase	cc_late_mitosis_n_spots_h2ax_per_nucleus_area_mean	-0.05759586755380334
738	Metaphase	cc_mitosis_high_h2ax	0.03643555879543025
739	Metaphase	cc_mitosis_n_objects	0.4629088942496392
740	Metaphase	cc_mitosis_n_spots_h2ax_mean	-0.0751960840507836
741	Metaphase	cc_mitosis_n_spots_h2ax_per_nucleus_area_mean	-0.08301244795133784
742	Metaphase	cc_polynuclear_high_h2ax	-0.2441156850101375
743	Metaphase	cc_polynuclear_n_objects	0.2956251219786467
744	Metaphase	cc_polynuclear_n_spots_h2ax_mean	-0.27954686901948095
745	Metaphase	cc_polynuclear_n_spots_h2ax_per_nucleus_area_mean	-0.26104463650288423
746	Metaphase	cc_polyploid_high_h2ax	-0.2836572098862067
747	Metaphase	cc_polyploid_n_objects	0.10840039392417268
748	Metaphase	cc_polyploid_n_spots_h2ax_mean	-0.3173060947741984
749	Metaphase	cc_polyploid_n_spots_h2ax_per_nucleus_area_mean	-0.3473355752118873
750	Metaphase	cc_s_high_h2ax	-0.2323254280841163
751	Metaphase	cc_s_intensity_nucleus_area_mean	0.3799929357453716
752	Metaphase	cc_s_intensity_nucleus_area_sum	0.6160563944694998
753	Metaphase	cc_s_n_objects	0.6238157266351531
754	Metaphase	cc_s_n_spots_h2ax_mean	-0.22917734635962825
755	Metaphase	cc_s_n_spots_h2ax_per_nucleus_area_mean	-0.28955848771232645
756	Metaphase	vb_infection_percentage	-0.05498799310459472
757	Metaphase	vb_live_cell_area	-0.2135139129208184
758	Metaphase	vb_live_cell_roundness	0.5855713231014713
759	Metaphase	vb_live_cell_width_length	0.5691981144705678
760	Metaphase	vb_num_live_cells	0.5625160345750567
761	Metaphase	vb_percent_all_apoptosis	-0.15330321008328038
762	Metaphase	vb_percent_caspase_dead_only	0.03550072860712426
763	Metaphase	vb_percent_dead	-0.20221439555812704
764	Metaphase	vb_percent_dead_only	-0.2679160590875409
765	Metaphase	vb_percent_early_apoptosis	-0.2164881482015593
766	Metaphase	vb_percent_late_apoptosis	-0.11892456320144619
767	Metaphase	vb_percent_live	0.2022596696549404
768	Metaphase	vb_ros_back_mean	0.26536266449227536
769	Metaphase	vb_ros_mean	0.15290639098834377
770	MetaphaseAlignment	cc_all_high_h2ax	0.15176408497922733
771	MetaphaseAlignment	cc_all_large_notround_polynuclear_mean	-0.09831240452388691
772	MetaphaseAlignment	cc_all_large_round_polyploid_mean	0.09110396471936655
773	MetaphaseAlignment	cc_all_n_objects	-0.5446656838031982
774	MetaphaseAlignment	cc_all_n_spots_h2ax_mean	0.12760035869711644
775	MetaphaseAlignment	cc_all_n_spots_h2ax_per_nucleus_area_mean	0.16284762155040378
776	MetaphaseAlignment	cc_all_nucleus_area_mean	0.0917694153410581
777	MetaphaseAlignment	cc_all_nucleus_roundness_mean	-0.1179929039849914
778	MetaphaseAlignment	cc_cc_early_mitosis	0.12895360343987544
779	MetaphaseAlignment	cc_cc_g1	0.18254091841268547
780	MetaphaseAlignment	cc_cc_g2	0.33590047237601767
781	MetaphaseAlignment	cc_cc_high_h2ax	0.21653914165054564
782	MetaphaseAlignment	cc_cc_late_mitosis	-0.06451987154390225
783	MetaphaseAlignment	cc_cc_mitosis	-0.09344217345936219
784	MetaphaseAlignment	cc_cc_n_objects	-0.5496402805498606
785	MetaphaseAlignment	cc_cc_n_spots_h2ax_mean	0.25900649562189615
786	MetaphaseAlignment	cc_cc_n_spots_h2ax_per_nucleus_area_mean	0.31543916406640116
787	MetaphaseAlignment	cc_cc_s	-0.41215191098835696
788	MetaphaseAlignment	cc_early_mitosis_high_h2ax	-0.047316724539900656
789	MetaphaseAlignment	cc_early_mitosis_n_objects	-0.41694181121355584
790	MetaphaseAlignment	cc_early_mitosis_n_spots_h2ax_mean	0.11574711183536218
791	MetaphaseAlignment	cc_early_mitosis_n_spots_h2ax_per_nucleus_area_mean	0.16358956454825574
792	MetaphaseAlignment	cc_g1_high_h2ax	0.2598822381517132
793	MetaphaseAlignment	cc_g1_n_objects	-0.532389686517274
794	MetaphaseAlignment	cc_g1_n_spots_h2ax_mean	0.3341661552800831
795	MetaphaseAlignment	cc_g1_n_spots_h2ax_per_nucleus_area_mean	0.3832765053393096
796	MetaphaseAlignment	cc_g1_plus_g2_count	0.35375351964030644
797	MetaphaseAlignment	cc_g2_g1_count	0.25066951953508615
798	MetaphaseAlignment	cc_g2_high_h2ax	0.17836886646224562
799	MetaphaseAlignment	cc_g2_n_objects	-0.32710940110966
800	MetaphaseAlignment	cc_g2_n_spots_h2ax_mean	0.15326713158248506
801	MetaphaseAlignment	cc_g2_n_spots_h2ax_per_nucleus_area_mean	0.1877847979465116
802	MetaphaseAlignment	cc_g2_plus_all_m_count	0.2950919158771109
803	MetaphaseAlignment	cc_infection_percentage	0.06616169630209098
804	MetaphaseAlignment	cc_late_mitosis_high_h2ax	0.05452306944699423
805	MetaphaseAlignment	cc_late_mitosis_n_objects	-0.2310489565828875
806	MetaphaseAlignment	cc_late_mitosis_n_spots_h2ax_mean	0.008152482773382388
807	MetaphaseAlignment	cc_late_mitosis_n_spots_h2ax_per_nucleus_area_mean	0.021296341439056916
808	MetaphaseAlignment	cc_mitosis_high_h2ax	-0.06419483757119487
809	MetaphaseAlignment	cc_mitosis_n_objects	-0.3694026941950774
810	MetaphaseAlignment	cc_mitosis_n_spots_h2ax_mean	0.04128721951395613
811	MetaphaseAlignment	cc_mitosis_n_spots_h2ax_per_nucleus_area_mean	0.03712566761765447
812	MetaphaseAlignment	cc_polynuclear_high_h2ax	0.06921330257805648
813	MetaphaseAlignment	cc_polynuclear_n_objects	-0.31467965302849527
814	MetaphaseAlignment	cc_polynuclear_n_spots_h2ax_mean	0.11227426931432775
815	MetaphaseAlignment	cc_polynuclear_n_spots_h2ax_per_nucleus_area_mean	0.08898434394774936
816	MetaphaseAlignment	cc_polyploid_high_h2ax	0.0723282313473308
817	MetaphaseAlignment	cc_polyploid_n_objects	-0.17765861780170994
818	MetaphaseAlignment	cc_polyploid_n_spots_h2ax_mean	0.0971700437601899
819	MetaphaseAlignment	cc_polyploid_n_spots_h2ax_per_nucleus_area_mean	0.12258870408900262
820	MetaphaseAlignment	cc_s_high_h2ax	0.021285206244202135
821	MetaphaseAlignment	cc_s_intensity_nucleus_area_mean	-0.1735262200875821
822	MetaphaseAlignment	cc_s_intensity_nucleus_area_sum	-0.5228596831330996
823	MetaphaseAlignment	cc_s_n_objects	-0.5355330647441753
824	MetaphaseAlignment	cc_s_n_spots_h2ax_mean	0.03489950848529548
825	MetaphaseAlignment	cc_s_n_spots_h2ax_per_nucleus_area_mean	0.10811125417596087
826	MetaphaseAlignment	vb_infection_percentage	0.06616169630209098
827	MetaphaseAlignment	vb_live_cell_area	0.14325737542300374
828	MetaphaseAlignment	vb_live_cell_roundness	-0.45230163598994594
829	MetaphaseAlignment	vb_live_cell_width_length	-0.4583885939555653
830	MetaphaseAlignment	vb_num_live_cells	-0.4916495903280523
831	MetaphaseAlignment	vb_percent_all_apoptosis	0.27388872542760184
832	MetaphaseAlignment	vb_percent_caspase_dead_only	-0.026207140250754827
833	MetaphaseAlignment	vb_percent_dead	0.3719221781498761
834	MetaphaseAlignment	vb_percent_dead_only	0.42707423916970544
835	MetaphaseAlignment	vb_percent_early_apoptosis	0.2350644439475863
836	MetaphaseAlignment	vb_percent_late_apoptosis	0.2618505666735819
837	MetaphaseAlignment	vb_percent_live	-0.3718445232245728
838	MetaphaseAlignment	vb_ros_back_mean	-0.13046815076950907
839	MetaphaseAlignment	vb_ros_mean	-0.08451405748794935
840	OutOfFocus	cc_all_high_h2ax	-0.238754102719229
841	OutOfFocus	cc_all_large_notround_polynuclear_mean	0.12259325216178457
842	OutOfFocus	cc_all_large_round_polyploid_mean	-0.03789775554978441
843	OutOfFocus	cc_all_n_objects	0.32639005539856475
844	OutOfFocus	cc_all_n_spots_h2ax_mean	-0.27619157914412223
845	OutOfFocus	cc_all_n_spots_h2ax_per_nucleus_area_mean	-0.2963141063546602
846	OutOfFocus	cc_all_nucleus_area_mean	-0.29218176739298113
847	OutOfFocus	cc_all_nucleus_roundness_mean	0.0016509604930691382
848	OutOfFocus	cc_cc_early_mitosis	-0.034965724072830835
849	OutOfFocus	cc_cc_g1	-0.3307361883016347
850	OutOfFocus	cc_cc_g2	-0.3328617277557169
851	OutOfFocus	cc_cc_high_h2ax	-0.25780369275189935
852	OutOfFocus	cc_cc_late_mitosis	0.18383946753322258
853	OutOfFocus	cc_cc_mitosis	0.28160551618996177
854	OutOfFocus	cc_cc_n_objects	0.34376733812174276
855	OutOfFocus	cc_cc_n_spots_h2ax_mean	-0.33041124621663925
856	OutOfFocus	cc_cc_n_spots_h2ax_per_nucleus_area_mean	-0.3629657109698982
857	OutOfFocus	cc_cc_s	0.3917794504726975
858	OutOfFocus	cc_early_mitosis_high_h2ax	-0.13293901066173136
859	OutOfFocus	cc_early_mitosis_n_objects	0.21437231575825613
860	OutOfFocus	cc_early_mitosis_n_spots_h2ax_mean	-0.14570308093850592
861	OutOfFocus	cc_early_mitosis_n_spots_h2ax_per_nucleus_area_mean	-0.16362965257507614
862	OutOfFocus	cc_g1_high_h2ax	-0.2489085351982897
863	OutOfFocus	cc_g1_n_objects	0.2968370133232041
864	OutOfFocus	cc_g1_n_spots_h2ax_mean	-0.3507927020080054
865	OutOfFocus	cc_g1_n_spots_h2ax_per_nucleus_area_mean	-0.36368007628328186
866	OutOfFocus	cc_g1_plus_g2_count	-0.4514867101252361
867	OutOfFocus	cc_g2_g1_count	-0.2011542966440162
868	OutOfFocus	cc_g2_high_h2ax	-0.17041541974490054
869	OutOfFocus	cc_g2_n_objects	0.15930802796481977
870	OutOfFocus	cc_g2_n_spots_h2ax_mean	-0.13702585791370273
871	OutOfFocus	cc_g2_n_spots_h2ax_per_nucleus_area_mean	-0.17208609512232653
872	OutOfFocus	cc_g2_plus_all_m_count	-0.05502465325556581
873	OutOfFocus	cc_infection_percentage	-0.048302082391227
874	OutOfFocus	cc_late_mitosis_high_h2ax	-0.0088156596431235
875	OutOfFocus	cc_late_mitosis_n_objects	0.21217461818778188
876	OutOfFocus	cc_late_mitosis_n_spots_h2ax_mean	-0.0272958860647987
877	OutOfFocus	cc_late_mitosis_n_spots_h2ax_per_nucleus_area_mean	-0.048889279777656384
878	OutOfFocus	cc_mitosis_high_h2ax	-0.010713178044757214
879	OutOfFocus	cc_mitosis_n_objects	0.28592429241399525
880	OutOfFocus	cc_mitosis_n_spots_h2ax_mean	-0.01738221172202339
881	OutOfFocus	cc_mitosis_n_spots_h2ax_per_nucleus_area_mean	-0.02153576464391758
882	OutOfFocus	cc_polynuclear_high_h2ax	-0.22191445901301823
883	OutOfFocus	cc_polynuclear_n_objects	0.16957689382118526
884	OutOfFocus	cc_polynuclear_n_spots_h2ax_mean	-0.2638528749188543
885	OutOfFocus	cc_polynuclear_n_spots_h2ax_per_nucleus_area_mean	-0.2710784145239709
886	OutOfFocus	cc_polyploid_high_h2ax	-0.2574390952569557
887	OutOfFocus	cc_polyploid_n_objects	0.006174041934007549
888	OutOfFocus	cc_polyploid_n_spots_h2ax_mean	-0.2601567697059162
889	OutOfFocus	cc_polyploid_n_spots_h2ax_per_nucleus_area_mean	-0.2814430623964009
890	OutOfFocus	cc_s_high_h2ax	-0.16735950944285755
891	OutOfFocus	cc_s_intensity_nucleus_area_mean	0.32471798185493206
892	OutOfFocus	cc_s_intensity_nucleus_area_sum	0.3686077317598806
893	OutOfFocus	cc_s_n_objects	0.3706622150099117
894	OutOfFocus	cc_s_n_spots_h2ax_mean	-0.21709406013380508
895	OutOfFocus	cc_s_n_spots_h2ax_per_nucleus_area_mean	-0.27644704773561446
896	OutOfFocus	vb_infection_percentage	-0.048302082391227
897	OutOfFocus	vb_live_cell_area	-0.11824505852092287
898	OutOfFocus	vb_live_cell_roundness	0.433036335952058
899	OutOfFocus	vb_live_cell_width_length	0.4615740080055178
900	OutOfFocus	vb_num_live_cells	0.28321411189227647
901	OutOfFocus	vb_percent_all_apoptosis	-0.0711167824432766
902	OutOfFocus	vb_percent_caspase_dead_only	0.09338402938777025
903	OutOfFocus	vb_percent_dead	-0.08158654547892691
904	OutOfFocus	vb_percent_dead_only	-0.12474334011746675
905	OutOfFocus	vb_percent_early_apoptosis	-0.13793973769622733
906	OutOfFocus	vb_percent_late_apoptosis	-0.038137633931264264
907	OutOfFocus	vb_percent_live	0.08152406994895939
908	OutOfFocus	vb_ros_back_mean	0.1593635392748831
909	OutOfFocus	vb_ros_mean	0.18747174266005706
910	Polylobed	cc_all_high_h2ax	0.15721571524933672
911	Polylobed	cc_all_large_notround_polynuclear_mean	0.24845208866322122
912	Polylobed	cc_all_large_round_polyploid_mean	-0.0014922428353129726
913	Polylobed	cc_all_n_objects	0.15023122332412128
914	Polylobed	cc_all_n_spots_h2ax_mean	0.1399298051091796
915	Polylobed	cc_all_n_spots_h2ax_per_nucleus_area_mean	0.11930764548430578
916	Polylobed	cc_all_nucleus_area_mean	0.06442816653955671
917	Polylobed	cc_all_nucleus_roundness_mean	-0.1739838654371986
918	Polylobed	cc_cc_early_mitosis	0.04340537015422919
919	Polylobed	cc_cc_g1	-0.00011179100085445163
920	Polylobed	cc_cc_g2	-0.012466816060761776
921	Polylobed	cc_cc_high_h2ax	0.10378972495935249
922	Polylobed	cc_cc_late_mitosis	-0.09690997162054554
923	Polylobed	cc_cc_mitosis	0.0020671174183754474
924	Polylobed	cc_cc_n_objects	0.1424487052384963
925	Polylobed	cc_cc_n_spots_h2ax_mean	0.09509457700692554
926	Polylobed	cc_cc_n_spots_h2ax_per_nucleus_area_mean	0.08151227058681972
927	Polylobed	cc_cc_s	0.05151362861840922
928	Polylobed	cc_early_mitosis_high_h2ax	-0.0413527321083623
929	Polylobed	cc_early_mitosis_n_objects	0.0707482619326992
930	Polylobed	cc_early_mitosis_n_spots_h2ax_mean	0.045987576995977435
931	Polylobed	cc_early_mitosis_n_spots_h2ax_per_nucleus_area_mean	0.07014229070777864
932	Polylobed	cc_g1_high_h2ax	0.07410308175616424
933	Polylobed	cc_g1_n_objects	0.1523603984450204
934	Polylobed	cc_g1_n_spots_h2ax_mean	0.04021600566521421
935	Polylobed	cc_g1_n_spots_h2ax_per_nucleus_area_mean	-0.005964889296126998
936	Polylobed	cc_g1_plus_g2_count	-0.04284808556603247
937	Polylobed	cc_g2_g1_count	-0.04629632128518416
938	Polylobed	cc_g2_high_h2ax	0.07405064992767621
939	Polylobed	cc_g2_n_objects	-0.0010773881694260757
940	Polylobed	cc_g2_n_spots_h2ax_mean	0.08248461681096365
941	Polylobed	cc_g2_n_spots_h2ax_per_nucleus_area_mean	0.08948363836491051
942	Polylobed	cc_g2_plus_all_m_count	-0.14138494793899775
943	Polylobed	cc_infection_percentage	-0.0772808568664495
944	Polylobed	cc_late_mitosis_high_h2ax	0.01964686018641027
945	Polylobed	cc_late_mitosis_n_objects	-0.02413325429401404
946	Polylobed	cc_late_mitosis_n_spots_h2ax_mean	0.09114103132341762
947	Polylobed	cc_late_mitosis_n_spots_h2ax_per_nucleus_area_mean	0.11792023498466045
948	Polylobed	cc_mitosis_high_h2ax	0.042588031302185705
949	Polylobed	cc_mitosis_n_objects	-0.012976811902375571
950	Polylobed	cc_mitosis_n_spots_h2ax_mean	0.08888472113260096
951	Polylobed	cc_mitosis_n_spots_h2ax_per_nucleus_area_mean	0.0324840705512608
952	Polylobed	cc_polynuclear_high_h2ax	0.07573556537588011
953	Polylobed	cc_polynuclear_n_objects	0.22069134228634685
954	Polylobed	cc_polynuclear_n_spots_h2ax_mean	0.04219852520798872
955	Polylobed	cc_polynuclear_n_spots_h2ax_per_nucleus_area_mean	0.06827723653118419
956	Polylobed	cc_polyploid_high_h2ax	0.13933520985856893
957	Polylobed	cc_polyploid_n_objects	-0.016134459979528996
958	Polylobed	cc_polyploid_n_spots_h2ax_mean	0.1011794879130821
959	Polylobed	cc_polyploid_n_spots_h2ax_per_nucleus_area_mean	0.08708179392775799
960	Polylobed	cc_s_high_h2ax	0.09711023349807564
961	Polylobed	cc_s_intensity_nucleus_area_mean	0.04553645554917461
962	Polylobed	cc_s_intensity_nucleus_area_sum	0.13482904947327612
963	Polylobed	cc_s_n_objects	0.13201449124786474
964	Polylobed	cc_s_n_spots_h2ax_mean	0.0749047476519299
965	Polylobed	cc_s_n_spots_h2ax_per_nucleus_area_mean	0.0764894892017938
966	Polylobed	vb_infection_percentage	-0.0772808568664495
967	Polylobed	vb_live_cell_area	-0.13861673553077808
968	Polylobed	vb_live_cell_roundness	0.07626059603067122
969	Polylobed	vb_live_cell_width_length	0.1294039923002326
970	Polylobed	vb_num_live_cells	0.15755354634746147
971	Polylobed	vb_percent_all_apoptosis	-0.031914197134448256
972	Polylobed	vb_percent_caspase_dead_only	0.1279425082354227
973	Polylobed	vb_percent_dead	-0.09699924815183238
974	Polylobed	vb_percent_dead_only	-0.12202110244313229
975	Polylobed	vb_percent_early_apoptosis	0.06993367147520267
976	Polylobed	vb_percent_late_apoptosis	-0.04471209919480024
977	Polylobed	vb_percent_live	0.09676081186901814
978	Polylobed	vb_ros_back_mean	-0.05087837727688503
979	Polylobed	vb_ros_mean	-0.04524735336969337
980	Prometaphase	cc_all_high_h2ax	-0.12465034970437242
981	Prometaphase	cc_all_large_notround_polynuclear_mean	0.055418710686684934
982	Prometaphase	cc_all_large_round_polyploid_mean	0.038028095961701425
983	Prometaphase	cc_all_n_objects	-0.4951740498728314
984	Prometaphase	cc_all_n_spots_h2ax_mean	-0.28064212004343636
985	Prometaphase	cc_all_n_spots_h2ax_per_nucleus_area_mean	-0.1639956215248058
986	Prometaphase	cc_all_nucleus_area_mean	-0.2814441834933046
987	Prometaphase	cc_all_nucleus_roundness_mean	-0.4676936872672381
988	Prometaphase	cc_cc_early_mitosis	0.3173744448654252
989	Prometaphase	cc_cc_g1	0.013413579790430551
990	Prometaphase	cc_cc_g2	-0.08730013316079217
991	Prometaphase	cc_cc_high_h2ax	0.07172785890283792
992	Prometaphase	cc_cc_late_mitosis	-0.0017613384393932563
993	Prometaphase	cc_cc_mitosis	0.3286595671462892
994	Prometaphase	cc_cc_n_objects	-0.46104421548857794
995	Prometaphase	cc_cc_n_spots_h2ax_mean	0.046959517021172056
996	Prometaphase	cc_cc_n_spots_h2ax_per_nucleus_area_mean	0.19609117460551437
997	Prometaphase	cc_cc_s	-0.24645854872951553
998	Prometaphase	cc_early_mitosis_high_h2ax	-0.008793850305698306
999	Prometaphase	cc_early_mitosis_n_objects	-0.4761464830429398
1000	Prometaphase	cc_early_mitosis_n_spots_h2ax_mean	0.04992908623846887
1001	Prometaphase	cc_early_mitosis_n_spots_h2ax_per_nucleus_area_mean	0.07205472502396273
1002	Prometaphase	cc_g1_high_h2ax	0.11561415016066905
1003	Prometaphase	cc_g1_n_objects	-0.4717718973182013
1004	Prometaphase	cc_g1_n_spots_h2ax_mean	0.14138094227497752
1005	Prometaphase	cc_g1_n_spots_h2ax_per_nucleus_area_mean	0.3244641472227367
1006	Prometaphase	cc_g1_plus_g2_count	0.0051580406074888474
1007	Prometaphase	cc_g2_g1_count	-0.08834913016246622
1008	Prometaphase	cc_g2_high_h2ax	0.12502236123811508
1009	Prometaphase	cc_g2_n_objects	-0.5775104378382515
1010	Prometaphase	cc_g2_n_spots_h2ax_mean	0.14193471530033133
1011	Prometaphase	cc_g2_n_spots_h2ax_per_nucleus_area_mean	0.21706170331276622
1012	Prometaphase	cc_g2_plus_all_m_count	0.3224439088194716
1013	Prometaphase	cc_infection_percentage	0.07298185621494482
1014	Prometaphase	cc_late_mitosis_high_h2ax	0.03339354992991137
1015	Prometaphase	cc_late_mitosis_n_objects	-0.28035942707338135
1016	Prometaphase	cc_late_mitosis_n_spots_h2ax_mean	-0.11920058476085203
1017	Prometaphase	cc_late_mitosis_n_spots_h2ax_per_nucleus_area_mean	-0.04451634913403974
1018	Prometaphase	cc_mitosis_high_h2ax	-0.0655349567812419
1019	Prometaphase	cc_mitosis_n_objects	-0.36294492265202494
1020	Prometaphase	cc_mitosis_n_spots_h2ax_mean	-0.03646450301586541
1021	Prometaphase	cc_mitosis_n_spots_h2ax_per_nucleus_area_mean	-0.015369528408574949
1022	Prometaphase	cc_polynuclear_high_h2ax	-0.13382899663090764
1023	Prometaphase	cc_polynuclear_n_objects	-0.39292203844965673
1024	Prometaphase	cc_polynuclear_n_spots_h2ax_mean	-0.17735773763490884
1025	Prometaphase	cc_polynuclear_n_spots_h2ax_per_nucleus_area_mean	-0.14002445520967738
1026	Prometaphase	cc_polyploid_high_h2ax	-0.14753572728526992
1027	Prometaphase	cc_polyploid_n_objects	-0.47609638069960675
1028	Prometaphase	cc_polyploid_n_spots_h2ax_mean	-0.150513108284167
1029	Prometaphase	cc_polyploid_n_spots_h2ax_per_nucleus_area_mean	-0.11651239154101244
1030	Prometaphase	cc_s_high_h2ax	-0.1632371260854521
1031	Prometaphase	cc_s_intensity_nucleus_area_mean	0.12142858546328188
1032	Prometaphase	cc_s_intensity_nucleus_area_sum	-0.41436247006463717
1033	Prometaphase	cc_s_n_objects	-0.4347779486426436
1034	Prometaphase	cc_s_n_spots_h2ax_mean	-0.252680720547333
1035	Prometaphase	cc_s_n_spots_h2ax_per_nucleus_area_mean	-0.09578698621474731
1036	Prometaphase	vb_infection_percentage	0.07298185621494482
1037	Prometaphase	vb_live_cell_area	-0.07243571934341887
1038	Prometaphase	vb_live_cell_roundness	-0.20036968469755945
1039	Prometaphase	vb_live_cell_width_length	-0.21281408621720024
1040	Prometaphase	vb_num_live_cells	-0.4557770353506458
1041	Prometaphase	vb_percent_all_apoptosis	0.32523349100067933
1042	Prometaphase	vb_percent_caspase_dead_only	-0.1652466210196483
1043	Prometaphase	vb_percent_dead	0.4438739694393524
1044	Prometaphase	vb_percent_dead_only	0.5267719209620696
1045	Prometaphase	vb_percent_early_apoptosis	0.11335047514246066
1046	Prometaphase	vb_percent_late_apoptosis	0.37344097380683416
1047	Prometaphase	vb_percent_live	-0.4440846433282779
1048	Prometaphase	vb_ros_back_mean	0.08765180534442912
1049	Prometaphase	vb_ros_mean	0.14899021605177812
1050	SmallIrregular	cc_all_high_h2ax	-0.31426650679612517
1051	SmallIrregular	cc_all_large_notround_polynuclear_mean	0.11375654253018855
1052	SmallIrregular	cc_all_large_round_polyploid_mean	0.03576913530117604
1053	SmallIrregular	cc_all_n_objects	0.22505593186402606
1054	SmallIrregular	cc_all_n_spots_h2ax_mean	-0.36661778085781266
1055	SmallIrregular	cc_all_n_spots_h2ax_per_nucleus_area_mean	-0.3296629907765113
1056	SmallIrregular	cc_all_nucleus_area_mean	-0.27917601391502683
1057	SmallIrregular	cc_all_nucleus_roundness_mean	0.003289216399426784
1058	SmallIrregular	cc_cc_early_mitosis	-0.07461842127093855
1059	SmallIrregular	cc_cc_g1	-0.34050790116332963
1060	SmallIrregular	cc_cc_g2	-0.3064946019895794
1061	SmallIrregular	cc_cc_high_h2ax	-0.2993817885298896
1062	SmallIrregular	cc_cc_late_mitosis	0.2484326355640679
1063	SmallIrregular	cc_cc_mitosis	0.3012491766736586
1064	SmallIrregular	cc_cc_n_objects	0.24613030233303282
1065	SmallIrregular	cc_cc_n_spots_h2ax_mean	-0.3607406122994622
1066	SmallIrregular	cc_cc_n_spots_h2ax_per_nucleus_area_mean	-0.337275833301493
1067	SmallIrregular	cc_cc_s	0.3902392957239556
1068	SmallIrregular	cc_early_mitosis_high_h2ax	0.09462281503110294
1069	SmallIrregular	cc_early_mitosis_n_objects	0.10556562020880854
1070	SmallIrregular	cc_early_mitosis_n_spots_h2ax_mean	-0.1126845118379484
1071	SmallIrregular	cc_early_mitosis_n_spots_h2ax_per_nucleus_area_mean	-0.1664987586200718
1072	SmallIrregular	cc_g1_high_h2ax	-0.2656575769334722
1073	SmallIrregular	cc_g1_n_objects	0.19791727198144637
1074	SmallIrregular	cc_g1_n_spots_h2ax_mean	-0.30911218181320527
1075	SmallIrregular	cc_g1_n_spots_h2ax_per_nucleus_area_mean	-0.255157576271392
1076	SmallIrregular	cc_g1_plus_g2_count	-0.4447303665636391
1077	SmallIrregular	cc_g2_g1_count	-0.16503196848686333
1078	SmallIrregular	cc_g2_high_h2ax	-0.22258280057009164
1079	SmallIrregular	cc_g2_n_objects	0.08977506891200855
1080	SmallIrregular	cc_g2_n_spots_h2ax_mean	-0.17189953531541008
1081	SmallIrregular	cc_g2_n_spots_h2ax_per_nucleus_area_mean	-0.17782614698881247
1082	SmallIrregular	cc_g2_plus_all_m_count	0.07312437460203956
1083	SmallIrregular	cc_infection_percentage	-0.022812348186056826
1084	SmallIrregular	cc_late_mitosis_high_h2ax	-0.023289249812884428
1085	SmallIrregular	cc_late_mitosis_n_objects	0.18781875032816944
1086	SmallIrregular	cc_late_mitosis_n_spots_h2ax_mean	-0.07155035834830659
1087	SmallIrregular	cc_late_mitosis_n_spots_h2ax_per_nucleus_area_mean	-0.07908492624698447
1088	SmallIrregular	cc_mitosis_high_h2ax	0.023927725361201642
1089	SmallIrregular	cc_mitosis_n_objects	0.26225055450212054
1090	SmallIrregular	cc_mitosis_n_spots_h2ax_mean	-0.10170006833752693
1091	SmallIrregular	cc_mitosis_n_spots_h2ax_per_nucleus_area_mean	-0.0885219352514341
1092	SmallIrregular	cc_polynuclear_high_h2ax	-0.22330899300273013
1093	SmallIrregular	cc_polynuclear_n_objects	0.09720576118601003
1094	SmallIrregular	cc_polynuclear_n_spots_h2ax_mean	-0.2540633607664386
1095	SmallIrregular	cc_polynuclear_n_spots_h2ax_per_nucleus_area_mean	-0.21409176508424158
1096	SmallIrregular	cc_polyploid_high_h2ax	-0.2564753779800019
1097	SmallIrregular	cc_polyploid_n_objects	0.04987527974668206
1098	SmallIrregular	cc_polyploid_n_spots_h2ax_mean	-0.31353824752304293
1099	SmallIrregular	cc_polyploid_n_spots_h2ax_per_nucleus_area_mean	-0.32701733008401596
1100	SmallIrregular	cc_s_high_h2ax	-0.2885976166520021
1101	SmallIrregular	cc_s_intensity_nucleus_area_mean	0.3115684178649315
1102	SmallIrregular	cc_s_intensity_nucleus_area_sum	0.2712914153666299
1103	SmallIrregular	cc_s_n_objects	0.26961398216658283
1104	SmallIrregular	cc_s_n_spots_h2ax_mean	-0.3280585347963152
1105	SmallIrregular	cc_s_n_spots_h2ax_per_nucleus_area_mean	-0.31842289260895473
1106	SmallIrregular	vb_infection_percentage	-0.022812348186056826
1107	SmallIrregular	vb_live_cell_area	-0.12544526700004072
1108	SmallIrregular	vb_live_cell_roundness	0.3863010523312784
1109	SmallIrregular	vb_live_cell_width_length	0.35518277666630443
1110	SmallIrregular	vb_num_live_cells	0.22541519474728816
1111	SmallIrregular	vb_percent_all_apoptosis	-0.024874556020262832
1112	SmallIrregular	vb_percent_caspase_dead_only	-0.010727773182930268
1113	SmallIrregular	vb_percent_dead	-0.03801743137834449
1114	SmallIrregular	vb_percent_dead_only	-0.08259074458140424
1115	SmallIrregular	vb_percent_early_apoptosis	-0.1412419431609457
1116	SmallIrregular	vb_percent_late_apoptosis	0.006818092013735351
1117	SmallIrregular	vb_percent_live	0.03785464920210224
1118	SmallIrregular	vb_ros_back_mean	0.23266486181363094
1119	SmallIrregular	vb_ros_mean	0.17031069947064897
