	True_Label	Predicted_Label	Count	data_split	shuffled
0	ADCCM	ADCCM	21	test	False
1	ADCCM	Anaphase	0	test	False
2	ADCCM	Apoptosis	3	test	False
3	ADCCM	Artefact	1	test	False
4	ADCCM	Binuclear	0	test	False
5	ADCCM	Elongated	0	test	False
6	ADCCM	Grape	1	test	False
7	ADCCM	Hole	0	test	False
8	ADCCM	Interphase	0	test	False
9	ADCCM	Large	0	test	False
10	ADCCM	Metaphase	0	test	False
11	ADCCM	MetaphaseAlignment	0	test	False
12	ADCCM	OutOfFocus	0	test	False
13	ADCCM	Polylobed	0	test	False
14	ADCCM	Prometaphase	0	test	False
15	ADCCM	SmallIrregular	1	test	False
16	Anaphase	ADCCM	0	test	False
17	Anaphase	Anaphase	6	test	False
18	Anaphase	Apoptosis	1	test	False
19	Anaphase	Artefact	1	test	False
20	Anaphase	Binuclear	0	test	False
21	Anaphase	Elongated	0	test	False
22	Anaphase	Grape	0	test	False
23	Anaphase	Hole	0	test	False
24	Anaphase	Interphase	1	test	False
25	Anaphase	Large	0	test	False
26	Anaphase	Metaphase	3	test	False
27	Anaphase	MetaphaseAlignment	0	test	False
28	Anaphase	OutOfFocus	0	test	False
29	Anaphase	Polylobed	1	test	False
30	Anaphase	Prometaphase	1	test	False
31	Anaphase	SmallIrregular	0	test	False
32	Apoptosis	ADCCM	0	test	False
33	Apoptosis	Anaphase	0	test	False
34	Apoptosis	Apoptosis	43	test	False
35	Apoptosis	Artefact	1	test	False
36	Apoptosis	Binuclear	0	test	False
37	Apoptosis	Elongated	0	test	False
38	Apoptosis	Grape	1	test	False
39	Apoptosis	Hole	0	test	False
40	Apoptosis	Interphase	0	test	False
41	Apoptosis	Large	0	test	False
42	Apoptosis	Metaphase	0	test	False
43	Apoptosis	MetaphaseAlignment	2	test	False
44	Apoptosis	OutOfFocus	0	test	False
45	Apoptosis	Polylobed	2	test	False
46	Apoptosis	Prometaphase	3	test	False
47	Apoptosis	SmallIrregular	0	test	False
48	Artefact	ADCCM	0	test	False
49	Artefact	Anaphase	0	test	False
50	Artefact	Apoptosis	0	test	False
51	Artefact	Artefact	34	test	False
52	Artefact	Binuclear	2	test	False
53	Artefact	Elongated	0	test	False
54	Artefact	Grape	0	test	False
55	Artefact	Hole	1	test	False
56	Artefact	Interphase	1	test	False
57	Artefact	Large	0	test	False
58	Artefact	Metaphase	0	test	False
59	Artefact	MetaphaseAlignment	0	test	False
60	Artefact	OutOfFocus	0	test	False
61	Artefact	Polylobed	4	test	False
62	Artefact	Prometaphase	0	test	False
63	Artefact	SmallIrregular	0	test	False
64	Binuclear	ADCCM	1	test	False
65	Binuclear	Anaphase	0	test	False
66	Binuclear	Apoptosis	1	test	False
67	Binuclear	Artefact	1	test	False
68	Binuclear	Binuclear	65	test	False
69	Binuclear	Elongated	0	test	False
70	Binuclear	Grape	1	test	False
71	Binuclear	Hole	0	test	False
72	Binuclear	Interphase	3	test	False
73	Binuclear	Large	0	test	False
74	Binuclear	Metaphase	0	test	False
75	Binuclear	MetaphaseAlignment	0	test	False
76	Binuclear	OutOfFocus	1	test	False
77	Binuclear	Polylobed	22	test	False
78	Binuclear	Prometaphase	0	test	False
79	Binuclear	SmallIrregular	1	test	False
80	Elongated	ADCCM	0	test	False
81	Elongated	Anaphase	0	test	False
82	Elongated	Apoptosis	0	test	False
83	Elongated	Artefact	0	test	False
84	Elongated	Binuclear	0	test	False
85	Elongated	Elongated	15	test	False
86	Elongated	Grape	0	test	False
87	Elongated	Hole	0	test	False
88	Elongated	Interphase	2	test	False
89	Elongated	Large	0	test	False
90	Elongated	Metaphase	0	test	False
91	Elongated	MetaphaseAlignment	0	test	False
92	Elongated	OutOfFocus	0	test	False
93	Elongated	Polylobed	0	test	False
94	Elongated	Prometaphase	0	test	False
95	Elongated	SmallIrregular	0	test	False
96	Grape	ADCCM	0	test	False
97	Grape	Anaphase	0	test	False
98	Grape	Apoptosis	0	test	False
99	Grape	Artefact	0	test	False
100	Grape	Binuclear	0	test	False
101	Grape	Elongated	0	test	False
102	Grape	Grape	65	test	False
103	Grape	Hole	0	test	False
104	Grape	Interphase	0	test	False
105	Grape	Large	0	test	False
106	Grape	Metaphase	0	test	False
107	Grape	MetaphaseAlignment	0	test	False
108	Grape	OutOfFocus	0	test	False
109	Grape	Polylobed	7	test	False
110	Grape	Prometaphase	0	test	False
111	Grape	SmallIrregular	0	test	False
112	Hole	ADCCM	0	test	False
113	Hole	Anaphase	0	test	False
114	Hole	Apoptosis	0	test	False
115	Hole	Artefact	0	test	False
116	Hole	Binuclear	0	test	False
117	Hole	Elongated	1	test	False
118	Hole	Grape	0	test	False
119	Hole	Hole	12	test	False
120	Hole	Interphase	1	test	False
121	Hole	Large	0	test	False
122	Hole	Metaphase	0	test	False
123	Hole	MetaphaseAlignment	0	test	False
124	Hole	OutOfFocus	0	test	False
125	Hole	Polylobed	0	test	False
126	Hole	Prometaphase	0	test	False
127	Hole	SmallIrregular	3	test	False
128	Interphase	ADCCM	0	test	False
129	Interphase	Anaphase	1	test	False
130	Interphase	Apoptosis	2	test	False
131	Interphase	Artefact	1	test	False
132	Interphase	Binuclear	11	test	False
133	Interphase	Elongated	1	test	False
134	Interphase	Grape	0	test	False
135	Interphase	Hole	2	test	False
136	Interphase	Interphase	46	test	False
137	Interphase	Large	1	test	False
138	Interphase	Metaphase	0	test	False
139	Interphase	MetaphaseAlignment	0	test	False
140	Interphase	OutOfFocus	1	test	False
141	Interphase	Polylobed	1	test	False
142	Interphase	Prometaphase	0	test	False
143	Interphase	SmallIrregular	0	test	False
144	Large	ADCCM	0	test	False
145	Large	Anaphase	0	test	False
146	Large	Apoptosis	0	test	False
147	Large	Artefact	0	test	False
148	Large	Binuclear	2	test	False
149	Large	Elongated	0	test	False
150	Large	Grape	0	test	False
151	Large	Hole	0	test	False
152	Large	Interphase	0	test	False
153	Large	Large	11	test	False
154	Large	Metaphase	0	test	False
155	Large	MetaphaseAlignment	0	test	False
156	Large	OutOfFocus	0	test	False
157	Large	Polylobed	1	test	False
158	Large	Prometaphase	0	test	False
159	Large	SmallIrregular	0	test	False
160	Metaphase	ADCCM	0	test	False
161	Metaphase	Anaphase	1	test	False
162	Metaphase	Apoptosis	0	test	False
163	Metaphase	Artefact	0	test	False
164	Metaphase	Binuclear	1	test	False
165	Metaphase	Elongated	1	test	False
166	Metaphase	Grape	0	test	False
167	Metaphase	Hole	0	test	False
168	Metaphase	Interphase	1	test	False
169	Metaphase	Large	0	test	False
170	Metaphase	Metaphase	7	test	False
171	Metaphase	MetaphaseAlignment	0	test	False
172	Metaphase	OutOfFocus	0	test	False
173	Metaphase	Polylobed	0	test	False
174	Metaphase	Prometaphase	0	test	False
175	Metaphase	SmallIrregular	0	test	False
176	MetaphaseAlignment	ADCCM	3	test	False
177	MetaphaseAlignment	Anaphase	0	test	False
178	MetaphaseAlignment	Apoptosis	0	test	False
179	MetaphaseAlignment	Artefact	2	test	False
180	MetaphaseAlignment	Binuclear	0	test	False
181	MetaphaseAlignment	Elongated	0	test	False
182	MetaphaseAlignment	Grape	0	test	False
183	MetaphaseAlignment	Hole	0	test	False
184	MetaphaseAlignment	Interphase	1	test	False
185	MetaphaseAlignment	Large	0	test	False
186	MetaphaseAlignment	Metaphase	2	test	False
187	MetaphaseAlignment	MetaphaseAlignment	12	test	False
188	MetaphaseAlignment	OutOfFocus	0	test	False
189	MetaphaseAlignment	Polylobed	1	test	False
190	MetaphaseAlignment	Prometaphase	6	test	False
191	MetaphaseAlignment	SmallIrregular	0	test	False
192	OutOfFocus	ADCCM	0	test	False
193	OutOfFocus	Anaphase	0	test	False
194	OutOfFocus	Apoptosis	0	test	False
195	OutOfFocus	Artefact	0	test	False
196	OutOfFocus	Binuclear	0	test	False
197	OutOfFocus	Elongated	0	test	False
198	OutOfFocus	Grape	0	test	False
199	OutOfFocus	Hole	0	test	False
200	OutOfFocus	Interphase	0	test	False
201	OutOfFocus	Large	0	test	False
202	OutOfFocus	Metaphase	0	test	False
203	OutOfFocus	MetaphaseAlignment	0	test	False
204	OutOfFocus	OutOfFocus	45	test	False
205	OutOfFocus	Polylobed	1	test	False
206	OutOfFocus	Prometaphase	0	test	False
207	OutOfFocus	SmallIrregular	0	test	False
208	Polylobed	ADCCM	0	test	False
209	Polylobed	Anaphase	0	test	False
210	Polylobed	Apoptosis	0	test	False
211	Polylobed	Artefact	2	test	False
212	Polylobed	Binuclear	14	test	False
213	Polylobed	Elongated	0	test	False
214	Polylobed	Grape	5	test	False
215	Polylobed	Hole	1	test	False
216	Polylobed	Interphase	2	test	False
217	Polylobed	Large	1	test	False
218	Polylobed	Metaphase	0	test	False
219	Polylobed	MetaphaseAlignment	1	test	False
220	Polylobed	OutOfFocus	0	test	False
221	Polylobed	Polylobed	215	test	False
222	Polylobed	Prometaphase	0	test	False
223	Polylobed	SmallIrregular	0	test	False
224	Prometaphase	ADCCM	0	test	False
225	Prometaphase	Anaphase	0	test	False
226	Prometaphase	Apoptosis	5	test	False
227	Prometaphase	Artefact	0	test	False
228	Prometaphase	Binuclear	0	test	False
229	Prometaphase	Elongated	0	test	False
230	Prometaphase	Grape	1	test	False
231	Prometaphase	Hole	1	test	False
232	Prometaphase	Interphase	3	test	False
233	Prometaphase	Large	0	test	False
234	Prometaphase	Metaphase	0	test	False
235	Prometaphase	MetaphaseAlignment	5	test	False
236	Prometaphase	OutOfFocus	0	test	False
237	Prometaphase	Polylobed	0	test	False
238	Prometaphase	Prometaphase	35	test	False
239	Prometaphase	SmallIrregular	2	test	False
240	SmallIrregular	ADCCM	0	test	False
241	SmallIrregular	Anaphase	0	test	False
242	SmallIrregular	Apoptosis	2	test	False
243	SmallIrregular	Artefact	0	test	False
244	SmallIrregular	Binuclear	1	test	False
245	SmallIrregular	Elongated	0	test	False
246	SmallIrregular	Grape	0	test	False
247	SmallIrregular	Hole	4	test	False
248	SmallIrregular	Interphase	3	test	False
249	SmallIrregular	Large	0	test	False
250	SmallIrregular	Metaphase	0	test	False
251	SmallIrregular	MetaphaseAlignment	0	test	False
252	SmallIrregular	OutOfFocus	0	test	False
253	SmallIrregular	Polylobed	0	test	False
254	SmallIrregular	Prometaphase	1	test	False
255	SmallIrregular	SmallIrregular	14	test	False
256	ADCCM	ADCCM	153	train	False
257	ADCCM	Anaphase	0	train	False
258	ADCCM	Apoptosis	0	train	False
259	ADCCM	Artefact	1	train	False
260	ADCCM	Binuclear	0	train	False
261	ADCCM	Elongated	0	train	False
262	ADCCM	Grape	0	train	False
263	ADCCM	Hole	0	train	False
264	ADCCM	Interphase	0	train	False
265	ADCCM	Large	0	train	False
266	ADCCM	Metaphase	0	train	False
267	ADCCM	MetaphaseAlignment	0	train	False
268	ADCCM	OutOfFocus	0	train	False
269	ADCCM	Polylobed	0	train	False
270	ADCCM	Prometaphase	0	train	False
271	ADCCM	SmallIrregular	0	train	False
272	Anaphase	ADCCM	0	train	False
273	Anaphase	Anaphase	75	train	False
274	Anaphase	Apoptosis	1	train	False
275	Anaphase	Artefact	0	train	False
276	Anaphase	Binuclear	0	train	False
277	Anaphase	Elongated	0	train	False
278	Anaphase	Grape	0	train	False
279	Anaphase	Hole	0	train	False
280	Anaphase	Interphase	0	train	False
281	Anaphase	Large	0	train	False
282	Anaphase	Metaphase	0	train	False
283	Anaphase	MetaphaseAlignment	0	train	False
284	Anaphase	OutOfFocus	0	train	False
285	Anaphase	Polylobed	0	train	False
286	Anaphase	Prometaphase	0	train	False
287	Anaphase	SmallIrregular	0	train	False
288	Apoptosis	ADCCM	0	train	False
289	Apoptosis	Anaphase	0	train	False
290	Apoptosis	Apoptosis	294	train	False
291	Apoptosis	Artefact	0	train	False
292	Apoptosis	Binuclear	0	train	False
293	Apoptosis	Elongated	0	train	False
294	Apoptosis	Grape	0	train	False
295	Apoptosis	Hole	0	train	False
296	Apoptosis	Interphase	0	train	False
297	Apoptosis	Large	0	train	False
298	Apoptosis	Metaphase	0	train	False
299	Apoptosis	MetaphaseAlignment	0	train	False
300	Apoptosis	OutOfFocus	0	train	False
301	Apoptosis	Polylobed	0	train	False
302	Apoptosis	Prometaphase	3	train	False
303	Apoptosis	SmallIrregular	0	train	False
304	Artefact	ADCCM	0	train	False
305	Artefact	Anaphase	0	train	False
306	Artefact	Apoptosis	0	train	False
307	Artefact	Artefact	232	train	False
308	Artefact	Binuclear	0	train	False
309	Artefact	Elongated	0	train	False
310	Artefact	Grape	0	train	False
311	Artefact	Hole	0	train	False
312	Artefact	Interphase	1	train	False
313	Artefact	Large	0	train	False
314	Artefact	Metaphase	0	train	False
315	Artefact	MetaphaseAlignment	0	train	False
316	Artefact	OutOfFocus	0	train	False
317	Artefact	Polylobed	2	train	False
318	Artefact	Prometaphase	1	train	False
319	Artefact	SmallIrregular	0	train	False
320	Binuclear	ADCCM	0	train	False
321	Binuclear	Anaphase	1	train	False
322	Binuclear	Apoptosis	0	train	False
323	Binuclear	Artefact	0	train	False
324	Binuclear	Binuclear	519	train	False
325	Binuclear	Elongated	0	train	False
326	Binuclear	Grape	0	train	False
327	Binuclear	Hole	0	train	False
328	Binuclear	Interphase	2	train	False
329	Binuclear	Large	0	train	False
330	Binuclear	Metaphase	0	train	False
331	Binuclear	MetaphaseAlignment	0	train	False
332	Binuclear	OutOfFocus	0	train	False
333	Binuclear	Polylobed	19	train	False
334	Binuclear	Prometaphase	0	train	False
335	Binuclear	SmallIrregular	2	train	False
336	Elongated	ADCCM	0	train	False
337	Elongated	Anaphase	0	train	False
338	Elongated	Apoptosis	0	train	False
339	Elongated	Artefact	0	train	False
340	Elongated	Binuclear	0	train	False
341	Elongated	Elongated	94	train	False
342	Elongated	Grape	0	train	False
343	Elongated	Hole	0	train	False
344	Elongated	Interphase	0	train	False
345	Elongated	Large	0	train	False
346	Elongated	Metaphase	0	train	False
347	Elongated	MetaphaseAlignment	0	train	False
348	Elongated	OutOfFocus	0	train	False
349	Elongated	Polylobed	0	train	False
350	Elongated	Prometaphase	0	train	False
351	Elongated	SmallIrregular	0	train	False
352	Grape	ADCCM	0	train	False
353	Grape	Anaphase	0	train	False
354	Grape	Apoptosis	0	train	False
355	Grape	Artefact	0	train	False
356	Grape	Binuclear	0	train	False
357	Grape	Elongated	0	train	False
358	Grape	Grape	407	train	False
359	Grape	Hole	0	train	False
360	Grape	Interphase	0	train	False
361	Grape	Large	0	train	False
362	Grape	Metaphase	0	train	False
363	Grape	MetaphaseAlignment	0	train	False
364	Grape	OutOfFocus	0	train	False
365	Grape	Polylobed	3	train	False
366	Grape	Prometaphase	1	train	False
367	Grape	SmallIrregular	0	train	False
368	Hole	ADCCM	0	train	False
369	Hole	Anaphase	0	train	False
370	Hole	Apoptosis	1	train	False
371	Hole	Artefact	0	train	False
372	Hole	Binuclear	0	train	False
373	Hole	Elongated	0	train	False
374	Hole	Grape	0	train	False
375	Hole	Hole	90	train	False
376	Hole	Interphase	3	train	False
377	Hole	Large	0	train	False
378	Hole	Metaphase	0	train	False
379	Hole	MetaphaseAlignment	0	train	False
380	Hole	OutOfFocus	0	train	False
381	Hole	Polylobed	1	train	False
382	Hole	Prometaphase	0	train	False
383	Hole	SmallIrregular	2	train	False
384	Interphase	ADCCM	0	train	False
385	Interphase	Anaphase	1	train	False
386	Interphase	Apoptosis	0	train	False
387	Interphase	Artefact	3	train	False
388	Interphase	Binuclear	4	train	False
389	Interphase	Elongated	0	train	False
390	Interphase	Grape	0	train	False
391	Interphase	Hole	0	train	False
392	Interphase	Interphase	355	train	False
393	Interphase	Large	0	train	False
394	Interphase	Metaphase	0	train	False
395	Interphase	MetaphaseAlignment	1	train	False
396	Interphase	OutOfFocus	0	train	False
397	Interphase	Polylobed	8	train	False
398	Interphase	Prometaphase	6	train	False
399	Interphase	SmallIrregular	2	train	False
400	Large	ADCCM	0	train	False
401	Large	Anaphase	0	train	False
402	Large	Apoptosis	0	train	False
403	Large	Artefact	0	train	False
404	Large	Binuclear	1	train	False
405	Large	Elongated	0	train	False
406	Large	Grape	0	train	False
407	Large	Hole	0	train	False
408	Large	Interphase	1	train	False
409	Large	Large	74	train	False
410	Large	Metaphase	0	train	False
411	Large	MetaphaseAlignment	0	train	False
412	Large	OutOfFocus	0	train	False
413	Large	Polylobed	0	train	False
414	Large	Prometaphase	0	train	False
415	Large	SmallIrregular	0	train	False
416	Metaphase	ADCCM	0	train	False
417	Metaphase	Anaphase	0	train	False
418	Metaphase	Apoptosis	0	train	False
419	Metaphase	Artefact	0	train	False
420	Metaphase	Binuclear	0	train	False
421	Metaphase	Elongated	0	train	False
422	Metaphase	Grape	0	train	False
423	Metaphase	Hole	0	train	False
424	Metaphase	Interphase	0	train	False
425	Metaphase	Large	0	train	False
426	Metaphase	Metaphase	62	train	False
427	Metaphase	MetaphaseAlignment	0	train	False
428	Metaphase	OutOfFocus	0	train	False
429	Metaphase	Polylobed	0	train	False
430	Metaphase	Prometaphase	1	train	False
431	Metaphase	SmallIrregular	0	train	False
432	MetaphaseAlignment	ADCCM	0	train	False
433	MetaphaseAlignment	Anaphase	0	train	False
434	MetaphaseAlignment	Apoptosis	0	train	False
435	MetaphaseAlignment	Artefact	1	train	False
436	MetaphaseAlignment	Binuclear	0	train	False
437	MetaphaseAlignment	Elongated	0	train	False
438	MetaphaseAlignment	Grape	0	train	False
439	MetaphaseAlignment	Hole	0	train	False
440	MetaphaseAlignment	Interphase	1	train	False
441	MetaphaseAlignment	Large	0	train	False
442	MetaphaseAlignment	Metaphase	0	train	False
443	MetaphaseAlignment	MetaphaseAlignment	151	train	False
444	MetaphaseAlignment	OutOfFocus	0	train	False
445	MetaphaseAlignment	Polylobed	1	train	False
446	MetaphaseAlignment	Prometaphase	2	train	False
447	MetaphaseAlignment	SmallIrregular	0	train	False
448	OutOfFocus	ADCCM	0	train	False
449	OutOfFocus	Anaphase	0	train	False
450	OutOfFocus	Apoptosis	0	train	False
451	OutOfFocus	Artefact	0	train	False
452	OutOfFocus	Binuclear	0	train	False
453	OutOfFocus	Elongated	0	train	False
454	OutOfFocus	Grape	0	train	False
455	OutOfFocus	Hole	0	train	False
456	OutOfFocus	Interphase	0	train	False
457	OutOfFocus	Large	0	train	False
458	OutOfFocus	Metaphase	0	train	False
459	OutOfFocus	MetaphaseAlignment	0	train	False
460	OutOfFocus	OutOfFocus	260	train	False
461	OutOfFocus	Polylobed	0	train	False
462	OutOfFocus	Prometaphase	0	train	False
463	OutOfFocus	SmallIrregular	0	train	False
464	Polylobed	ADCCM	0	train	False
465	Polylobed	Anaphase	0	train	False
466	Polylobed	Apoptosis	1	train	False
467	Polylobed	Artefact	1	train	False
468	Polylobed	Binuclear	15	train	False
469	Polylobed	Elongated	0	train	False
470	Polylobed	Grape	1	train	False
471	Polylobed	Hole	0	train	False
472	Polylobed	Interphase	3	train	False
473	Polylobed	Large	0	train	False
474	Polylobed	Metaphase	0	train	False
475	Polylobed	MetaphaseAlignment	0	train	False
476	Polylobed	OutOfFocus	0	train	False
477	Polylobed	Polylobed	1342	train	False
478	Polylobed	Prometaphase	0	train	False
479	Polylobed	SmallIrregular	0	train	False
480	Prometaphase	ADCCM	0	train	False
481	Prometaphase	Anaphase	0	train	False
482	Prometaphase	Apoptosis	3	train	False
483	Prometaphase	Artefact	0	train	False
484	Prometaphase	Binuclear	0	train	False
485	Prometaphase	Elongated	0	train	False
486	Prometaphase	Grape	0	train	False
487	Prometaphase	Hole	0	train	False
488	Prometaphase	Interphase	1	train	False
489	Prometaphase	Large	0	train	False
490	Prometaphase	Metaphase	0	train	False
491	Prometaphase	MetaphaseAlignment	2	train	False
492	Prometaphase	OutOfFocus	0	train	False
493	Prometaphase	Polylobed	1	train	False
494	Prometaphase	Prometaphase	285	train	False
495	Prometaphase	SmallIrregular	1	train	False
496	SmallIrregular	ADCCM	0	train	False
497	SmallIrregular	Anaphase	0	train	False
498	SmallIrregular	Apoptosis	0	train	False
499	SmallIrregular	Artefact	0	train	False
500	SmallIrregular	Binuclear	0	train	False
501	SmallIrregular	Elongated	0	train	False
502	SmallIrregular	Grape	0	train	False
503	SmallIrregular	Hole	1	train	False
504	SmallIrregular	Interphase	2	train	False
505	SmallIrregular	Large	0	train	False
506	SmallIrregular	Metaphase	0	train	False
507	SmallIrregular	MetaphaseAlignment	0	train	False
508	SmallIrregular	OutOfFocus	0	train	False
509	SmallIrregular	Polylobed	0	train	False
510	SmallIrregular	Prometaphase	1	train	False
511	SmallIrregular	SmallIrregular	137	train	False
512	ADCCM	ADCCM	0	test	True
513	ADCCM	Anaphase	0	test	True
514	ADCCM	Apoptosis	0	test	True
515	ADCCM	Artefact	1	test	True
516	ADCCM	Binuclear	3	test	True
517	ADCCM	Elongated	0	test	True
518	ADCCM	Grape	0	test	True
519	ADCCM	Hole	0	test	True
520	ADCCM	Interphase	0	test	True
521	ADCCM	Large	0	test	True
522	ADCCM	Metaphase	0	test	True
523	ADCCM	MetaphaseAlignment	0	test	True
524	ADCCM	OutOfFocus	0	test	True
525	ADCCM	Polylobed	18	test	True
526	ADCCM	Prometaphase	4	test	True
527	ADCCM	SmallIrregular	1	test	True
528	Anaphase	ADCCM	0	test	True
529	Anaphase	Anaphase	0	test	True
530	Anaphase	Apoptosis	0	test	True
531	Anaphase	Artefact	0	test	True
532	Anaphase	Binuclear	0	test	True
533	Anaphase	Elongated	0	test	True
534	Anaphase	Grape	1	test	True
535	Anaphase	Hole	0	test	True
536	Anaphase	Interphase	0	test	True
537	Anaphase	Large	0	test	True
538	Anaphase	Metaphase	0	test	True
539	Anaphase	MetaphaseAlignment	0	test	True
540	Anaphase	OutOfFocus	1	test	True
541	Anaphase	Polylobed	8	test	True
542	Anaphase	Prometaphase	1	test	True
543	Anaphase	SmallIrregular	3	test	True
544	Apoptosis	ADCCM	0	test	True
545	Apoptosis	Anaphase	0	test	True
546	Apoptosis	Apoptosis	0	test	True
547	Apoptosis	Artefact	0	test	True
548	Apoptosis	Binuclear	2	test	True
549	Apoptosis	Elongated	0	test	True
550	Apoptosis	Grape	4	test	True
551	Apoptosis	Hole	0	test	True
552	Apoptosis	Interphase	1	test	True
553	Apoptosis	Large	0	test	True
554	Apoptosis	Metaphase	0	test	True
555	Apoptosis	MetaphaseAlignment	0	test	True
556	Apoptosis	OutOfFocus	0	test	True
557	Apoptosis	Polylobed	44	test	True
558	Apoptosis	Prometaphase	0	test	True
559	Apoptosis	SmallIrregular	1	test	True
560	Artefact	ADCCM	0	test	True
561	Artefact	Anaphase	0	test	True
562	Artefact	Apoptosis	1	test	True
563	Artefact	Artefact	1	test	True
564	Artefact	Binuclear	7	test	True
565	Artefact	Elongated	0	test	True
566	Artefact	Grape	3	test	True
567	Artefact	Hole	0	test	True
568	Artefact	Interphase	1	test	True
569	Artefact	Large	0	test	True
570	Artefact	Metaphase	0	test	True
571	Artefact	MetaphaseAlignment	0	test	True
572	Artefact	OutOfFocus	0	test	True
573	Artefact	Polylobed	28	test	True
574	Artefact	Prometaphase	0	test	True
575	Artefact	SmallIrregular	1	test	True
576	Binuclear	ADCCM	2	test	True
577	Binuclear	Anaphase	0	test	True
578	Binuclear	Apoptosis	7	test	True
579	Binuclear	Artefact	1	test	True
580	Binuclear	Binuclear	24	test	True
581	Binuclear	Elongated	0	test	True
582	Binuclear	Grape	5	test	True
583	Binuclear	Hole	4	test	True
584	Binuclear	Interphase	2	test	True
585	Binuclear	Large	1	test	True
586	Binuclear	Metaphase	0	test	True
587	Binuclear	MetaphaseAlignment	2	test	True
588	Binuclear	OutOfFocus	0	test	True
589	Binuclear	Polylobed	39	test	True
590	Binuclear	Prometaphase	3	test	True
591	Binuclear	SmallIrregular	6	test	True
592	Elongated	ADCCM	2	test	True
593	Elongated	Anaphase	0	test	True
594	Elongated	Apoptosis	2	test	True
595	Elongated	Artefact	0	test	True
596	Elongated	Binuclear	8	test	True
597	Elongated	Elongated	0	test	True
598	Elongated	Grape	0	test	True
599	Elongated	Hole	0	test	True
600	Elongated	Interphase	0	test	True
601	Elongated	Large	0	test	True
602	Elongated	Metaphase	0	test	True
603	Elongated	MetaphaseAlignment	1	test	True
604	Elongated	OutOfFocus	2	test	True
605	Elongated	Polylobed	1	test	True
606	Elongated	Prometaphase	0	test	True
607	Elongated	SmallIrregular	1	test	True
608	Grape	ADCCM	0	test	True
609	Grape	Anaphase	0	test	True
610	Grape	Apoptosis	1	test	True
611	Grape	Artefact	0	test	True
612	Grape	Binuclear	6	test	True
613	Grape	Elongated	0	test	True
614	Grape	Grape	8	test	True
615	Grape	Hole	0	test	True
616	Grape	Interphase	0	test	True
617	Grape	Large	0	test	True
618	Grape	Metaphase	0	test	True
619	Grape	MetaphaseAlignment	0	test	True
620	Grape	OutOfFocus	0	test	True
621	Grape	Polylobed	53	test	True
622	Grape	Prometaphase	3	test	True
623	Grape	SmallIrregular	1	test	True
624	Hole	ADCCM	0	test	True
625	Hole	Anaphase	0	test	True
626	Hole	Apoptosis	1	test	True
627	Hole	Artefact	0	test	True
628	Hole	Binuclear	2	test	True
629	Hole	Elongated	0	test	True
630	Hole	Grape	0	test	True
631	Hole	Hole	0	test	True
632	Hole	Interphase	1	test	True
633	Hole	Large	0	test	True
634	Hole	Metaphase	1	test	True
635	Hole	MetaphaseAlignment	0	test	True
636	Hole	OutOfFocus	1	test	True
637	Hole	Polylobed	9	test	True
638	Hole	Prometaphase	0	test	True
639	Hole	SmallIrregular	2	test	True
640	Interphase	ADCCM	0	test	True
641	Interphase	Anaphase	3	test	True
642	Interphase	Apoptosis	5	test	True
643	Interphase	Artefact	0	test	True
644	Interphase	Binuclear	18	test	True
645	Interphase	Elongated	1	test	True
646	Interphase	Grape	0	test	True
647	Interphase	Hole	1	test	True
648	Interphase	Interphase	6	test	True
649	Interphase	Large	4	test	True
650	Interphase	Metaphase	0	test	True
651	Interphase	MetaphaseAlignment	1	test	True
652	Interphase	OutOfFocus	1	test	True
653	Interphase	Polylobed	22	test	True
654	Interphase	Prometaphase	0	test	True
655	Interphase	SmallIrregular	5	test	True
656	Large	ADCCM	0	test	True
657	Large	Anaphase	0	test	True
658	Large	Apoptosis	0	test	True
659	Large	Artefact	0	test	True
660	Large	Binuclear	4	test	True
661	Large	Elongated	0	test	True
662	Large	Grape	3	test	True
663	Large	Hole	0	test	True
664	Large	Interphase	0	test	True
665	Large	Large	0	test	True
666	Large	Metaphase	0	test	True
667	Large	MetaphaseAlignment	0	test	True
668	Large	OutOfFocus	0	test	True
669	Large	Polylobed	6	test	True
670	Large	Prometaphase	1	test	True
671	Large	SmallIrregular	0	test	True
672	Metaphase	ADCCM	0	test	True
673	Metaphase	Anaphase	0	test	True
674	Metaphase	Apoptosis	0	test	True
675	Metaphase	Artefact	0	test	True
676	Metaphase	Binuclear	1	test	True
677	Metaphase	Elongated	0	test	True
678	Metaphase	Grape	1	test	True
679	Metaphase	Hole	0	test	True
680	Metaphase	Interphase	1	test	True
681	Metaphase	Large	0	test	True
682	Metaphase	Metaphase	0	test	True
683	Metaphase	MetaphaseAlignment	0	test	True
684	Metaphase	OutOfFocus	0	test	True
685	Metaphase	Polylobed	6	test	True
686	Metaphase	Prometaphase	1	test	True
687	Metaphase	SmallIrregular	1	test	True
688	MetaphaseAlignment	ADCCM	0	test	True
689	MetaphaseAlignment	Anaphase	0	test	True
690	MetaphaseAlignment	Apoptosis	0	test	True
691	MetaphaseAlignment	Artefact	0	test	True
692	MetaphaseAlignment	Binuclear	1	test	True
693	MetaphaseAlignment	Elongated	0	test	True
694	MetaphaseAlignment	Grape	1	test	True
695	MetaphaseAlignment	Hole	0	test	True
696	MetaphaseAlignment	Interphase	0	test	True
697	MetaphaseAlignment	Large	0	test	True
698	MetaphaseAlignment	Metaphase	0	test	True
699	MetaphaseAlignment	MetaphaseAlignment	0	test	True
700	MetaphaseAlignment	OutOfFocus	0	test	True
701	MetaphaseAlignment	Polylobed	21	test	True
702	MetaphaseAlignment	Prometaphase	1	test	True
703	MetaphaseAlignment	SmallIrregular	3	test	True
704	OutOfFocus	ADCCM	4	test	True
705	OutOfFocus	Anaphase	0	test	True
706	OutOfFocus	Apoptosis	0	test	True
707	OutOfFocus	Artefact	0	test	True
708	OutOfFocus	Binuclear	6	test	True
709	OutOfFocus	Elongated	0	test	True
710	OutOfFocus	Grape	2	test	True
711	OutOfFocus	Hole	0	test	True
712	OutOfFocus	Interphase	2	test	True
713	OutOfFocus	Large	0	test	True
714	OutOfFocus	Metaphase	0	test	True
715	OutOfFocus	MetaphaseAlignment	0	test	True
716	OutOfFocus	OutOfFocus	0	test	True
717	OutOfFocus	Polylobed	32	test	True
718	OutOfFocus	Prometaphase	0	test	True
719	OutOfFocus	SmallIrregular	0	test	True
720	Polylobed	ADCCM	1	test	True
721	Polylobed	Anaphase	1	test	True
722	Polylobed	Apoptosis	26	test	True
723	Polylobed	Artefact	1	test	True
724	Polylobed	Binuclear	51	test	True
725	Polylobed	Elongated	0	test	True
726	Polylobed	Grape	28	test	True
727	Polylobed	Hole	5	test	True
728	Polylobed	Interphase	3	test	True
729	Polylobed	Large	1	test	True
730	Polylobed	Metaphase	0	test	True
731	Polylobed	MetaphaseAlignment	2	test	True
732	Polylobed	OutOfFocus	2	test	True
733	Polylobed	Polylobed	95	test	True
734	Polylobed	Prometaphase	11	test	True
735	Polylobed	SmallIrregular	14	test	True
736	Prometaphase	ADCCM	0	test	True
737	Prometaphase	Anaphase	0	test	True
738	Prometaphase	Apoptosis	0	test	True
739	Prometaphase	Artefact	1	test	True
740	Prometaphase	Binuclear	0	test	True
741	Prometaphase	Elongated	0	test	True
742	Prometaphase	Grape	1	test	True
743	Prometaphase	Hole	0	test	True
744	Prometaphase	Interphase	3	test	True
745	Prometaphase	Large	1	test	True
746	Prometaphase	Metaphase	0	test	True
747	Prometaphase	MetaphaseAlignment	0	test	True
748	Prometaphase	OutOfFocus	0	test	True
749	Prometaphase	Polylobed	45	test	True
750	Prometaphase	Prometaphase	1	test	True
751	Prometaphase	SmallIrregular	0	test	True
752	SmallIrregular	ADCCM	0	test	True
753	SmallIrregular	Anaphase	0	test	True
754	SmallIrregular	Apoptosis	1	test	True
755	SmallIrregular	Artefact	0	test	True
756	SmallIrregular	Binuclear	0	test	True
757	SmallIrregular	Elongated	0	test	True
758	SmallIrregular	Grape	1	test	True
759	SmallIrregular	Hole	0	test	True
760	SmallIrregular	Interphase	2	test	True
761	SmallIrregular	Large	0	test	True
762	SmallIrregular	Metaphase	0	test	True
763	SmallIrregular	MetaphaseAlignment	0	test	True
764	SmallIrregular	OutOfFocus	0	test	True
765	SmallIrregular	Polylobed	16	test	True
766	SmallIrregular	Prometaphase	0	test	True
767	SmallIrregular	SmallIrregular	5	test	True
768	ADCCM	ADCCM	2	train	True
769	ADCCM	Anaphase	0	train	True
770	ADCCM	Apoptosis	4	train	True
771	ADCCM	Artefact	2	train	True
772	ADCCM	Binuclear	12	train	True
773	ADCCM	Elongated	0	train	True
774	ADCCM	Grape	2	train	True
775	ADCCM	Hole	0	train	True
776	ADCCM	Interphase	4	train	True
777	ADCCM	Large	0	train	True
778	ADCCM	Metaphase	0	train	True
779	ADCCM	MetaphaseAlignment	0	train	True
780	ADCCM	OutOfFocus	0	train	True
781	ADCCM	Polylobed	96	train	True
782	ADCCM	Prometaphase	12	train	True
783	ADCCM	SmallIrregular	20	train	True
784	Anaphase	ADCCM	0	train	True
785	Anaphase	Anaphase	0	train	True
786	Anaphase	Apoptosis	4	train	True
787	Anaphase	Artefact	1	train	True
788	Anaphase	Binuclear	3	train	True
789	Anaphase	Elongated	0	train	True
790	Anaphase	Grape	2	train	True
791	Anaphase	Hole	0	train	True
792	Anaphase	Interphase	6	train	True
793	Anaphase	Large	0	train	True
794	Anaphase	Metaphase	0	train	True
795	Anaphase	MetaphaseAlignment	0	train	True
796	Anaphase	OutOfFocus	2	train	True
797	Anaphase	Polylobed	33	train	True
798	Anaphase	Prometaphase	3	train	True
799	Anaphase	SmallIrregular	22	train	True
800	Apoptosis	ADCCM	0	train	True
801	Apoptosis	Anaphase	0	train	True
802	Apoptosis	Apoptosis	2	train	True
803	Apoptosis	Artefact	0	train	True
804	Apoptosis	Binuclear	11	train	True
805	Apoptosis	Elongated	1	train	True
806	Apoptosis	Grape	4	train	True
807	Apoptosis	Hole	0	train	True
808	Apoptosis	Interphase	6	train	True
809	Apoptosis	Large	0	train	True
810	Apoptosis	Metaphase	0	train	True
811	Apoptosis	MetaphaseAlignment	0	train	True
812	Apoptosis	OutOfFocus	4	train	True
813	Apoptosis	Polylobed	258	train	True
814	Apoptosis	Prometaphase	0	train	True
815	Apoptosis	SmallIrregular	11	train	True
816	Artefact	ADCCM	0	train	True
817	Artefact	Anaphase	0	train	True
818	Artefact	Apoptosis	5	train	True
819	Artefact	Artefact	8	train	True
820	Artefact	Binuclear	31	train	True
821	Artefact	Elongated	1	train	True
822	Artefact	Grape	11	train	True
823	Artefact	Hole	2	train	True
824	Artefact	Interphase	8	train	True
825	Artefact	Large	0	train	True
826	Artefact	Metaphase	0	train	True
827	Artefact	MetaphaseAlignment	1	train	True
828	Artefact	OutOfFocus	0	train	True
829	Artefact	Polylobed	150	train	True
830	Artefact	Prometaphase	4	train	True
831	Artefact	SmallIrregular	15	train	True
832	Binuclear	ADCCM	1	train	True
833	Binuclear	Anaphase	14	train	True
834	Binuclear	Apoptosis	32	train	True
835	Binuclear	Artefact	4	train	True
836	Binuclear	Binuclear	149	train	True
837	Binuclear	Elongated	0	train	True
838	Binuclear	Grape	23	train	True
839	Binuclear	Hole	12	train	True
840	Binuclear	Interphase	9	train	True
841	Binuclear	Large	8	train	True
842	Binuclear	Metaphase	0	train	True
843	Binuclear	MetaphaseAlignment	4	train	True
844	Binuclear	OutOfFocus	3	train	True
845	Binuclear	Polylobed	252	train	True
846	Binuclear	Prometaphase	13	train	True
847	Binuclear	SmallIrregular	19	train	True
848	Elongated	ADCCM	2	train	True
849	Elongated	Anaphase	0	train	True
850	Elongated	Apoptosis	7	train	True
851	Elongated	Artefact	2	train	True
852	Elongated	Binuclear	40	train	True
853	Elongated	Elongated	0	train	True
854	Elongated	Grape	3	train	True
855	Elongated	Hole	0	train	True
856	Elongated	Interphase	2	train	True
857	Elongated	Large	6	train	True
858	Elongated	Metaphase	1	train	True
859	Elongated	MetaphaseAlignment	3	train	True
860	Elongated	OutOfFocus	6	train	True
861	Elongated	Polylobed	12	train	True
862	Elongated	Prometaphase	0	train	True
863	Elongated	SmallIrregular	10	train	True
864	Grape	ADCCM	0	train	True
865	Grape	Anaphase	0	train	True
866	Grape	Apoptosis	8	train	True
867	Grape	Artefact	5	train	True
868	Grape	Binuclear	51	train	True
869	Grape	Elongated	0	train	True
870	Grape	Grape	18	train	True
871	Grape	Hole	0	train	True
872	Grape	Interphase	6	train	True
873	Grape	Large	0	train	True
874	Grape	Metaphase	0	train	True
875	Grape	MetaphaseAlignment	0	train	True
876	Grape	OutOfFocus	0	train	True
877	Grape	Polylobed	309	train	True
878	Grape	Prometaphase	8	train	True
879	Grape	SmallIrregular	6	train	True
880	Hole	ADCCM	3	train	True
881	Hole	Anaphase	0	train	True
882	Hole	Apoptosis	6	train	True
883	Hole	Artefact	0	train	True
884	Hole	Binuclear	10	train	True
885	Hole	Elongated	1	train	True
886	Hole	Grape	1	train	True
887	Hole	Hole	0	train	True
888	Hole	Interphase	3	train	True
889	Hole	Large	0	train	True
890	Hole	Metaphase	1	train	True
891	Hole	MetaphaseAlignment	12	train	True
892	Hole	OutOfFocus	4	train	True
893	Hole	Polylobed	46	train	True
894	Hole	Prometaphase	1	train	True
895	Hole	SmallIrregular	9	train	True
896	Interphase	ADCCM	9	train	True
897	Interphase	Anaphase	14	train	True
898	Interphase	Apoptosis	13	train	True
899	Interphase	Artefact	2	train	True
900	Interphase	Binuclear	68	train	True
901	Interphase	Elongated	3	train	True
902	Interphase	Grape	14	train	True
903	Interphase	Hole	1	train	True
904	Interphase	Interphase	25	train	True
905	Interphase	Large	18	train	True
906	Interphase	Metaphase	4	train	True
907	Interphase	MetaphaseAlignment	5	train	True
908	Interphase	OutOfFocus	9	train	True
909	Interphase	Polylobed	168	train	True
910	Interphase	Prometaphase	7	train	True
911	Interphase	SmallIrregular	20	train	True
912	Large	ADCCM	0	train	True
913	Large	Anaphase	4	train	True
914	Large	Apoptosis	0	train	True
915	Large	Artefact	3	train	True
916	Large	Binuclear	31	train	True
917	Large	Elongated	0	train	True
918	Large	Grape	2	train	True
919	Large	Hole	0	train	True
920	Large	Interphase	2	train	True
921	Large	Large	1	train	True
922	Large	Metaphase	0	train	True
923	Large	MetaphaseAlignment	1	train	True
924	Large	OutOfFocus	0	train	True
925	Large	Polylobed	26	train	True
926	Large	Prometaphase	2	train	True
927	Large	SmallIrregular	4	train	True
928	Metaphase	ADCCM	0	train	True
929	Metaphase	Anaphase	1	train	True
930	Metaphase	Apoptosis	3	train	True
931	Metaphase	Artefact	0	train	True
932	Metaphase	Binuclear	1	train	True
933	Metaphase	Elongated	0	train	True
934	Metaphase	Grape	1	train	True
935	Metaphase	Hole	0	train	True
936	Metaphase	Interphase	1	train	True
937	Metaphase	Large	1	train	True
938	Metaphase	Metaphase	0	train	True
939	Metaphase	MetaphaseAlignment	0	train	True
940	Metaphase	OutOfFocus	0	train	True
941	Metaphase	Polylobed	41	train	True
942	Metaphase	Prometaphase	7	train	True
943	Metaphase	SmallIrregular	7	train	True
944	MetaphaseAlignment	ADCCM	0	train	True
945	MetaphaseAlignment	Anaphase	0	train	True
946	MetaphaseAlignment	Apoptosis	1	train	True
947	MetaphaseAlignment	Artefact	1	train	True
948	MetaphaseAlignment	Binuclear	5	train	True
949	MetaphaseAlignment	Elongated	0	train	True
950	MetaphaseAlignment	Grape	4	train	True
951	MetaphaseAlignment	Hole	0	train	True
952	MetaphaseAlignment	Interphase	2	train	True
953	MetaphaseAlignment	Large	0	train	True
954	MetaphaseAlignment	Metaphase	0	train	True
955	MetaphaseAlignment	MetaphaseAlignment	0	train	True
956	MetaphaseAlignment	OutOfFocus	0	train	True
957	MetaphaseAlignment	Polylobed	127	train	True
958	MetaphaseAlignment	Prometaphase	6	train	True
959	MetaphaseAlignment	SmallIrregular	10	train	True
960	OutOfFocus	ADCCM	18	train	True
961	OutOfFocus	Anaphase	0	train	True
962	OutOfFocus	Apoptosis	1	train	True
963	OutOfFocus	Artefact	2	train	True
964	OutOfFocus	Binuclear	32	train	True
965	OutOfFocus	Elongated	0	train	True
966	OutOfFocus	Grape	2	train	True
967	OutOfFocus	Hole	0	train	True
968	OutOfFocus	Interphase	17	train	True
969	OutOfFocus	Large	0	train	True
970	OutOfFocus	Metaphase	0	train	True
971	OutOfFocus	MetaphaseAlignment	0	train	True
972	OutOfFocus	OutOfFocus	1	train	True
973	OutOfFocus	Polylobed	187	train	True
974	OutOfFocus	Prometaphase	0	train	True
975	OutOfFocus	SmallIrregular	0	train	True
976	Polylobed	ADCCM	3	train	True
977	Polylobed	Anaphase	26	train	True
978	Polylobed	Apoptosis	91	train	True
979	Polylobed	Artefact	9	train	True
980	Polylobed	Binuclear	323	train	True
981	Polylobed	Elongated	2	train	True
982	Polylobed	Grape	157	train	True
983	Polylobed	Hole	14	train	True
984	Polylobed	Interphase	20	train	True
985	Polylobed	Large	3	train	True
986	Polylobed	Metaphase	0	train	True
987	Polylobed	MetaphaseAlignment	4	train	True
988	Polylobed	OutOfFocus	1	train	True
989	Polylobed	Polylobed	608	train	True
990	Polylobed	Prometaphase	46	train	True
991	Polylobed	SmallIrregular	56	train	True
992	Prometaphase	ADCCM	0	train	True
993	Prometaphase	Anaphase	0	train	True
994	Prometaphase	Apoptosis	0	train	True
995	Prometaphase	Artefact	1	train	True
996	Prometaphase	Binuclear	6	train	True
997	Prometaphase	Elongated	1	train	True
998	Prometaphase	Grape	4	train	True
999	Prometaphase	Hole	0	train	True
1000	Prometaphase	Interphase	8	train	True
1001	Prometaphase	Large	0	train	True
1002	Prometaphase	Metaphase	0	train	True
1003	Prometaphase	MetaphaseAlignment	0	train	True
1004	Prometaphase	OutOfFocus	1	train	True
1005	Prometaphase	Polylobed	262	train	True
1006	Prometaphase	Prometaphase	5	train	True
1007	Prometaphase	SmallIrregular	5	train	True
1008	SmallIrregular	ADCCM	3	train	True
1009	SmallIrregular	Anaphase	0	train	True
1010	SmallIrregular	Apoptosis	3	train	True
1011	SmallIrregular	Artefact	1	train	True
1012	SmallIrregular	Binuclear	3	train	True
1013	SmallIrregular	Elongated	1	train	True
1014	SmallIrregular	Grape	2	train	True
1015	SmallIrregular	Hole	0	train	True
1016	SmallIrregular	Interphase	15	train	True
1017	SmallIrregular	Large	0	train	True
1018	SmallIrregular	Metaphase	1	train	True
1019	SmallIrregular	MetaphaseAlignment	2	train	True
1020	SmallIrregular	OutOfFocus	0	train	True
1021	SmallIrregular	Polylobed	82	train	True
1022	SmallIrregular	Prometaphase	1	train	True
1023	SmallIrregular	SmallIrregular	27	train	True
